UT__yyyy-mm-ddThh:mm:ss.sssZ,BX_FGS-D_(@_1_)_nT_GSE,BY_FGS-D_(@_2_)_nT_GSE,BZ_FGS-D_(@_3_)_nT_GSE
2015-03-16T04:50:02.864Z,2.58393,-3.15963,1.40625
2015-03-16T04:50:06.001Z,2.18518,-3.35783,1.72589
2015-03-16T04:50:09.138Z,2.75451,-3.09052,0.982445
2015-03-16T04:50:12.275Z,2.77602,-3.11603,1.09517
2015-03-16T04:50:15.412Z,2.86649,-3.00617,1.27926
2015-03-16T04:50:18.549Z,2.58651,-3.25044,1.40128
2015-03-16T04:50:21.686Z,1.78240,-3.54252,1.78934
2015-03-16T04:50:24.823Z,2.04538,-3.32455,1.67438
2015-03-16T04:50:27.960Z,1.99357,-3.50379,1.67711
2015-03-16T04:50:31.097Z,1.86009,-3.43450,1.71449
2015-03-16T04:50:34.234Z,0.828385,-3.74119,1.82246
2015-03-16T04:50:37.371Z,0.460811,-3.80319,1.86409
2015-03-16T04:50:40.508Z,0.414603,-3.80856,2.19569
2015-03-16T04:50:43.645Z,0.618816,-3.77279,2.27701
2015-03-16T04:50:46.781Z,1.04415,-3.77367,2.17042
2015-03-16T04:50:49.918Z,1.23462,-3.70585,2.11663
2015-03-16T04:50:53.055Z,1.52216,-3.76063,2.05125
2015-03-16T04:50:56.192Z,1.48173,-3.63958,1.89158
2015-03-16T04:50:59.329Z,1.54954,-3.56100,1.93487
2015-03-16T04:51:02.466Z,1.51379,-3.46515,1.82345
2015-03-16T04:51:05.603Z,1.50989,-3.59722,1.87562
2015-03-16T04:51:08.740Z,1.35119,-3.30757,1.84791
2015-03-16T04:51:11.877Z,1.36280,-3.60877,1.71009
2015-03-16T04:51:15.014Z,0.943210,-3.58960,1.92877
2015-03-16T04:51:18.151Z,1.02247,-3.79612,2.05476
2015-03-16T04:51:21.288Z,1.09718,-3.60975,1.86205
2015-03-16T04:51:24.425Z,1.05014,-3.77953,1.95174
2015-03-16T04:51:27.562Z,0.970952,-3.63512,2.01719
2015-03-16T04:51:30.699Z,0.836957,-3.73109,1.97125
2015-03-16T04:51:33.835Z,0.961707,-3.79437,2.00561
2015-03-16T04:51:36.972Z,0.415679,-4.23427,2.01154
2015-03-16T04:51:40.109Z,0.0840534,-4.17197,1.78763
2015-03-16T04:51:43.246Z,-0.781040,-4.41544,1.55600
2015-03-16T04:51:46.383Z,-0.779014,-4.40584,1.49601
2015-03-16T04:51:49.520Z,-0.0398782,-4.11511,1.39930
2015-03-16T04:51:52.657Z,0.417319,-4.16172,1.60153
2015-03-16T04:51:55.794Z,0.213973,-4.36281,1.51037
2015-03-16T04:51:58.931Z,0.370134,-4.30404,1.46109
2015-03-16T04:52:02.068Z,0.444890,-4.31926,1.46355
2015-03-16T04:52:05.205Z,0.241752,-4.17207,1.44234
2015-03-16T04:52:08.342Z,0.365279,-4.30545,1.48439
2015-03-16T04:52:11.479Z,0.106300,-4.25992,1.43318
2015-03-16T04:52:14.616Z,0.328375,-4.38452,1.42311
2015-03-16T04:52:17.753Z,0.462538,-4.26194,1.39751
2015-03-16T04:52:20.889Z,0.484052,-4.30881,1.43575
2015-03-16T04:52:24.026Z,0.293453,-4.16698,1.40463
2015-03-16T04:52:27.163Z,0.355670,-4.17684,1.41700
2015-03-16T04:52:30.300Z,0.566344,-4.26065,1.37043
2015-03-16T04:52:33.437Z,0.727175,-4.32385,1.52210
2015-03-16T04:52:36.574Z,0.569575,-4.27772,1.45546
2015-03-16T04:52:39.711Z,0.403151,-4.26026,1.42184
2015-03-16T04:52:42.848Z,0.440539,-4.19814,1.42120
2015-03-16T04:52:45.985Z,0.514811,-4.19642,1.48557
2015-03-16T04:52:49.122Z,0.965816,-4.00812,1.48119
2015-03-16T04:52:52.259Z,1.51358,-3.89885,1.45558
2015-03-16T04:52:55.396Z,1.46906,-4.03325,1.57234
2015-03-16T04:52:58.533Z,1.37181,-3.97999,1.50651
2015-03-16T04:53:01.670Z,0.903794,-4.35542,1.44721
2015-03-16T04:53:04.807Z,0.847191,-4.11763,1.46203
2015-03-16T04:53:07.943Z,0.564951,-4.35735,1.44967
2015-03-16T04:53:11.080Z,0.765952,-4.20772,1.29326
2015-03-16T04:53:14.217Z,0.825321,-4.30617,1.42165
2015-03-16T04:53:17.354Z,0.790148,-4.10719,1.58496
2015-03-16T04:53:20.491Z,0.403360,-4.56337,1.09855
2015-03-16T04:53:23.628Z,0.847021,-4.18695,1.38460
2015-03-16T04:53:26.765Z,1.19023,-4.20938,1.27179
2015-03-16T04:53:29.902Z,0.611393,-4.43019,1.08899
2015-03-16T04:53:33.039Z,0.606687,-4.50176,1.19346
2015-03-16T04:53:36.176Z,1.87456,-2.85623,1.85018
2015-03-16T04:53:39.313Z,3.71384,-2.79093,2.00565
2015-03-16T04:53:42.450Z,1.97808,-4.36982,1.52384
2015-03-16T04:53:45.587Z,-0.0279334,-4.40580,0.969439
2015-03-16T04:53:48.724Z,0.404075,-4.00713,1.40079
2015-03-16T04:53:51.861Z,0.417187,-3.95207,1.51665
2015-03-16T04:53:54.997Z,0.457317,-4.01821,1.21604
2015-03-16T04:53:58.134Z,1.25874,-3.71403,1.62106
2015-03-16T04:54:01.271Z,2.61034,-2.88340,1.56272
2015-03-16T04:54:04.408Z,3.01308,-3.04173,1.28329
2015-03-16T04:54:07.545Z,3.06568,-2.97705,1.52995
2015-03-16T04:54:10.682Z,2.76028,-3.28517,1.74039
2015-03-16T04:54:13.819Z,2.36271,-3.19033,1.93165
2015-03-16T04:54:16.956Z,2.31460,-3.47900,2.18470
2015-03-16T04:54:20.093Z,2.45832,-3.32615,1.88236
2015-03-16T04:54:23.230Z,2.78150,-3.06358,2.06321
2015-03-16T04:54:26.367Z,2.56595,-3.16338,1.98784
2015-03-16T04:54:29.504Z,2.67697,-3.05514,1.88336
2015-03-16T04:54:32.641Z,3.05789,-2.98425,2.04022
2015-03-16T04:54:35.778Z,2.15799,-3.39135,1.76703
2015-03-16T04:54:38.915Z,1.72332,-3.58438,1.82333
2015-03-16T04:54:42.051Z,2.76874,-2.90459,1.87501
2015-03-16T04:54:45.188Z,2.75950,-3.10655,1.71447
2015-03-16T04:54:48.325Z,2.30879,-3.45653,1.80670
2015-03-16T04:54:51.462Z,2.05621,-3.42576,1.58515
2015-03-16T04:54:54.599Z,1.75587,-3.46960,1.54431
2015-03-16T04:54:57.736Z,1.17602,-3.93549,1.49282
2015-03-16T04:55:00.873Z,0.380423,-3.66345,1.18494
2015-03-16T04:55:04.010Z,0.323761,-3.84410,1.21097
2015-03-16T04:55:07.147Z,0.409641,-3.57761,1.23282
2015-03-16T04:55:10.284Z,0.184847,-3.79394,1.29485
2015-03-16T04:55:13.421Z,0.112535,-3.72395,0.979063
2015-03-16T04:55:16.558Z,0.834198,-3.94449,1.07949
2015-03-16T04:55:19.695Z,0.872623,-3.97836,1.14644
2015-03-16T04:55:22.832Z,0.511274,-4.12443,0.940297
2015-03-16T04:55:25.969Z,1.54651,-3.23833,1.77087
2015-03-16T04:55:29.105Z,1.75020,-3.42186,2.07056
2015-03-16T04:55:32.242Z,1.57644,-3.16222,2.02569
2015-03-16T04:55:35.379Z,1.64648,-3.38850,2.13635
2015-03-16T04:55:38.516Z,1.57353,-3.14598,2.09926
2015-03-16T04:55:41.653Z,1.69228,-3.33153,1.90539
2015-03-16T04:55:44.790Z,1.76932,-3.23318,1.96400
2015-03-16T04:55:47.927Z,1.81927,-3.56020,2.00338
2015-03-16T04:55:51.064Z,1.81898,-3.37716,1.99001
2015-03-16T04:55:54.201Z,1.83675,-3.52949,2.00888
2015-03-16T04:55:57.338Z,1.86766,-3.52997,1.99090
2015-03-16T04:56:00.475Z,1.80323,-3.78122,1.81586
2015-03-16T04:56:03.612Z,1.56135,-3.55660,1.71808
2015-03-16T04:56:06.749Z,1.38365,-3.75070,1.58390
2015-03-16T04:56:09.886Z,1.39598,-3.49566,1.74831
2015-03-16T04:56:13.023Z,1.48837,-3.63576,1.53950
2015-03-16T04:56:16.159Z,1.62059,-3.48812,1.61259
2015-03-16T04:56:19.296Z,1.49985,-3.59918,1.76368
2015-03-16T04:56:22.433Z,1.69441,-3.19050,1.73141
2015-03-16T04:56:25.570Z,1.92263,-2.69702,2.12603
2015-03-16T04:56:28.707Z,2.17263,-2.76511,1.90564
2015-03-16T04:56:31.844Z,2.44594,-2.72819,1.91604
2015-03-16T04:56:34.981Z,2.47957,-2.93236,1.82529
2015-03-16T04:56:38.118Z,2.62892,-3.01078,1.82726
2015-03-16T04:56:41.255Z,2.65856,-2.83706,1.77077
2015-03-16T04:56:44.392Z,2.54301,-2.89349,1.75547
2015-03-16T04:56:47.529Z,2.51647,-2.91736,1.66311
2015-03-16T04:56:50.666Z,2.27534,-3.06491,1.89668
2015-03-16T04:56:53.803Z,2.29671,-3.02025,1.92824
2015-03-16T04:56:56.940Z,2.05316,-3.09309,1.94626
2015-03-16T04:57:00.077Z,1.71286,-3.08690,1.98551
2015-03-16T04:57:03.213Z,1.54315,-2.86211,2.12234
2015-03-16T04:57:06.350Z,1.72500,-3.04065,2.07623
2015-03-16T04:57:09.487Z,2.02069,-2.73536,1.91238
2015-03-16T04:57:12.624Z,1.92894,-2.72508,1.99147
2015-03-16T04:57:15.761Z,2.23970,-2.17556,2.10174
2015-03-16T04:57:18.898Z,2.11873,-2.87048,1.85143
2015-03-16T04:57:22.035Z,2.11731,-2.60475,1.80625
2015-03-16T04:57:25.172Z,2.10433,-2.80539,1.99876
2015-03-16T04:57:28.309Z,2.13916,-2.55569,1.85037
2015-03-16T04:57:31.446Z,2.19285,-2.81996,1.76016
2015-03-16T04:57:34.583Z,2.31036,-2.62775,1.74750
2015-03-16T04:57:37.720Z,2.45402,-2.82928,1.67984
2015-03-16T04:57:40.857Z,2.20989,-2.53605,1.67113
2015-03-16T04:57:43.994Z,2.19674,-2.84872,1.63724
2015-03-16T04:57:47.131Z,2.13382,-2.58287,1.78662
2015-03-16T04:57:50.267Z,1.83719,-2.75750,1.92160
2015-03-16T04:57:53.404Z,2.03107,-2.54068,1.87756
2015-03-16T04:57:56.541Z,1.94511,-2.82047,1.89148
2015-03-16T04:57:59.678Z,2.03270,-2.52219,1.76923
2015-03-16T04:58:02.815Z,2.23170,-2.78730,1.64825
2015-03-16T04:58:05.952Z,2.46149,-2.70378,1.42064
2015-03-16T04:58:09.089Z,2.64324,-2.51184,1.36036
2015-03-16T04:58:12.226Z,2.26942,-2.69331,1.43004
2015-03-16T04:58:15.363Z,2.31491,-2.50737,1.48739
2015-03-16T04:58:18.500Z,2.47203,-2.60061,1.39249
2015-03-16T04:58:21.637Z,2.45229,-2.58407,1.40158
2015-03-16T04:58:24.774Z,2.53724,-2.57070,1.44449
2015-03-16T04:58:27.911Z,2.50357,-2.62414,1.61721
2015-03-16T04:58:31.048Z,2.43333,-2.70343,1.58557
2015-03-16T04:58:34.185Z,2.48256,-2.45474,1.51332
2015-03-16T04:58:37.321Z,2.49419,-2.61646,1.37176
2015-03-16T04:58:40.458Z,2.71929,-2.51908,1.54655
2015-03-16T04:58:43.595Z,2.56363,-2.51938,1.30672
2015-03-16T04:58:46.732Z,2.79051,-2.40895,1.18992
2015-03-16T04:58:49.869Z,2.66139,-2.34266,1.19142
2015-03-16T04:58:53.006Z,2.59990,-2.36389,1.31151
2015-03-16T04:58:56.143Z,2.70913,-2.32210,1.31240
2015-03-16T04:58:59.280Z,2.62933,-2.49573,1.33405
2015-03-16T04:59:02.417Z,2.67562,-2.40232,1.22737
2015-03-16T04:59:05.554Z,2.45117,-2.54408,1.22080
2015-03-16T04:59:08.691Z,2.41169,-2.53234,1.16449
2015-03-16T04:59:11.828Z,2.46233,-2.52802,1.21190
2015-03-16T04:59:14.965Z,2.47853,-2.45191,1.21989
2015-03-16T04:59:18.102Z,2.51541,-2.58706,1.02421
2015-03-16T04:59:21.239Z,2.43516,-2.50750,0.951317
2015-03-16T04:59:24.375Z,2.42028,-2.48954,0.937105
2015-03-16T04:59:27.512Z,2.55163,-2.76392,0.850265
2015-03-16T04:59:30.649Z,2.70085,-2.61134,0.841815
2015-03-16T04:59:33.786Z,2.88379,-3.06611,1.13294
2015-03-16T04:59:36.923Z,2.63846,-3.09862,1.62878
2015-03-16T04:59:40.060Z,2.60637,-3.41253,1.70065
2015-03-16T04:59:43.197Z,2.57451,-3.26003,1.76425
2015-03-16T04:59:46.334Z,2.70072,-3.24601,2.05977
2015-03-16T04:59:49.471Z,2.46369,-3.01998,1.93868
2015-03-16T04:59:52.608Z,2.56981,-3.26753,2.09217
2015-03-16T04:59:55.745Z,2.73215,-2.89905,2.27032
2015-03-16T04:59:58.882Z,2.95480,-3.00593,2.23705
2015-03-16T05:00:02.019Z,3.02378,-2.61295,2.22645
2015-03-16T05:00:05.156Z,2.72139,-2.02649,2.27216
2015-03-16T05:00:08.293Z,2.44718,-1.73067,1.79380
2015-03-16T05:00:11.429Z,1.93060,-2.53439,1.50326
2015-03-16T05:00:14.566Z,1.68397,-2.53218,1.96434
2015-03-16T05:00:17.703Z,1.80366,-2.79566,2.47345
2015-03-16T05:00:20.840Z,1.82760,-2.88453,2.35107
2015-03-16T05:00:23.977Z,1.80541,-3.00817,2.37555
2015-03-16T05:00:27.114Z,1.88196,-2.97830,2.19814
2015-03-16T05:00:30.251Z,1.80446,-2.94158,2.12322
2015-03-16T05:00:33.388Z,1.95302,-2.79866,2.24823
2015-03-16T05:00:36.525Z,1.94656,-2.72180,2.22714
2015-03-16T05:00:39.662Z,1.37334,-3.43015,1.45484
2015-03-16T05:00:42.799Z,0.641398,-4.00970,0.584074
2015-03-16T05:00:45.936Z,-1.81095,-3.81323,-1.47648
2015-03-16T05:00:49.073Z,-1.87112,-4.04682,-1.68615
2015-03-16T05:00:52.210Z,-1.49841,-4.35415,-1.30994
2015-03-16T05:00:55.347Z,0.311784,-3.86372,1.04877
2015-03-16T05:00:58.483Z,0.111518,-4.09715,0.663528
2015-03-16T05:01:01.620Z,0.340495,-3.98583,0.864373
2015-03-16T05:01:04.757Z,1.00169,-3.65083,1.62019
2015-03-16T05:01:07.894Z,1.30148,-3.39979,1.97844
2015-03-16T05:01:11.031Z,1.17082,-3.33869,2.05250
2015-03-16T05:01:14.168Z,1.36591,-3.14855,2.15347
2015-03-16T05:01:17.305Z,1.14008,-3.31160,1.99894
2015-03-16T05:01:20.442Z,1.16835,-3.00967,2.31589
2015-03-16T05:01:23.579Z,1.72047,-2.30539,2.46143
2015-03-16T05:01:26.716Z,2.08870,-2.15898,2.54704
2015-03-16T05:01:29.853Z,1.68712,-2.41306,2.60654
2015-03-16T05:01:32.990Z,1.70751,-2.37723,2.61296
2015-03-16T05:01:36.127Z,1.50375,-2.68755,2.55169
2015-03-16T05:01:39.264Z,1.54875,-2.48466,2.67095
2015-03-16T05:01:42.400Z,1.70200,-1.89707,2.60431
2015-03-16T05:01:45.537Z,1.63913,-1.91823,2.65092
2015-03-16T05:01:48.674Z,1.80950,-2.04792,2.67857
2015-03-16T05:01:51.811Z,1.67778,-2.06234,2.57705
2015-03-16T05:01:54.948Z,1.62731,-1.99734,2.60707
2015-03-16T05:01:58.085Z,1.24989,-1.86320,2.57314
2015-03-16T05:02:01.222Z,1.40967,-1.99124,2.58648
2015-03-16T05:02:04.359Z,1.58397,-1.75295,2.64944
2015-03-16T05:02:07.496Z,1.76777,-1.90317,2.69084
2015-03-16T05:02:10.633Z,1.77387,-1.68150,2.69335
2015-03-16T05:02:13.770Z,1.75465,-2.01195,2.63272
2015-03-16T05:02:16.907Z,1.71728,-1.95596,2.55514
2015-03-16T05:02:20.044Z,1.79913,-2.12448,2.63518
2015-03-16T05:02:23.181Z,1.91582,-2.05397,2.52958
2015-03-16T05:02:26.318Z,1.62511,-2.05490,2.66412
2015-03-16T05:02:29.454Z,1.65496,-2.13091,2.47056
2015-03-16T05:02:32.591Z,1.57941,-2.65320,2.31338
2015-03-16T05:02:35.728Z,1.57377,-1.79222,2.57175
2015-03-16T05:02:38.865Z,1.89789,-2.45085,2.14805
2015-03-16T05:02:42.002Z,2.10606,-3.26414,1.53222
2015-03-16T05:02:45.139Z,1.52947,-2.44298,1.37643
2015-03-16T05:02:48.276Z,1.63879,-2.21704,1.93744
2015-03-16T05:02:51.413Z,1.51057,-1.97304,2.14508
2015-03-16T05:02:54.550Z,1.70489,-2.17025,2.12483
2015-03-16T05:02:57.687Z,1.97205,-2.13205,2.01204
2015-03-16T05:03:00.824Z,1.94176,-2.35815,2.05302
2015-03-16T05:03:03.961Z,1.90610,-2.15289,2.24100
2015-03-16T05:03:07.098Z,1.82848,-2.45116,2.06037
2015-03-16T05:03:10.235Z,1.70113,-2.56468,1.58781
2015-03-16T05:03:13.372Z,1.65042,-1.71635,1.98240
2015-03-16T05:03:16.508Z,1.79334,-2.09067,1.80653
2015-03-16T05:03:19.645Z,1.01684,-3.00884,1.32071
2015-03-16T05:03:22.782Z,0.958527,-2.95233,0.958227
2015-03-16T05:03:25.919Z,0.713104,-3.36121,0.223592
2015-03-16T05:03:29.056Z,1.03476,-2.87891,0.771191
2015-03-16T05:03:32.193Z,1.04526,-2.90521,1.27192
2015-03-16T05:03:35.330Z,1.00174,-2.75183,1.40633
2015-03-16T05:03:38.467Z,0.873174,-2.74324,1.61183
2015-03-16T05:03:41.604Z,1.01456,-2.47101,1.65779
2015-03-16T05:03:44.741Z,0.919198,-2.90397,1.35551
2015-03-16T05:03:47.878Z,0.695076,-3.09930,0.833431
2015-03-16T05:03:51.015Z,0.544358,-3.08488,0.534530
2015-03-16T05:03:54.152Z,0.968110,-2.61173,1.27363
2015-03-16T05:03:57.289Z,1.05838,-2.88151,0.788158
2015-03-16T05:04:00.426Z,0.837513,-2.78359,0.943238
2015-03-16T05:04:03.562Z,0.903088,-3.10560,0.827607
2015-03-16T05:04:06.699Z,0.873276,-2.78266,0.901954
2015-03-16T05:04:09.836Z,0.920549,-3.17165,0.985824
2015-03-16T05:04:12.973Z,0.944297,-2.86064,1.03402
2015-03-16T05:04:16.110Z,0.910605,-3.09626,1.06151
2015-03-16T05:04:19.247Z,0.806184,-2.91369,0.916630
2015-03-16T05:04:22.384Z,0.390201,-3.44439,-0.0683033
2015-03-16T05:04:25.521Z,0.565658,-2.82862,0.896057
2015-03-16T05:04:28.658Z,0.486873,-3.38723,0.467642
2015-03-16T05:04:31.795Z,0.392480,-3.28810,0.136818
2015-03-16T05:04:34.932Z,0.389968,-3.32346,0.109755
2015-03-16T05:04:38.069Z,0.341854,-3.02480,0.532571
2015-03-16T05:04:41.206Z,0.0618095,-3.14288,0.686628
2015-03-16T05:04:44.343Z,0.0553481,-3.10873,0.516573
2015-03-16T05:04:47.480Z,0.419082,-3.45447,-0.0262963
2015-03-16T05:04:50.616Z,0.126724,-3.20758,-0.243042
2015-03-16T05:04:53.753Z,0.0904167,-3.56729,0.0203607
2015-03-16T05:04:56.890Z,1.58311,-2.61244,0.718646
2015-03-16T05:05:00.027Z,2.29943,-2.26214,0.962338
2015-03-16T05:05:03.164Z,2.51290,-2.00239,0.790795
2015-03-16T05:05:06.301Z,2.48873,-2.44399,0.698010
2015-03-16T05:05:09.438Z,2.08413,-3.00547,0.274713
2015-03-16T05:05:12.575Z,1.13559,-3.53610,-0.0648953
2015-03-16T05:05:15.712Z,1.26133,-3.45108,-0.00914254
2015-03-16T05:05:18.849Z,1.55751,-3.64328,-0.0322549
2015-03-16T05:05:21.986Z,1.25234,-3.67720,-0.500456
2015-03-16T05:05:25.123Z,0.118539,-4.01746,-0.732955
2015-03-16T05:05:28.260Z,-0.101847,-4.02191,-0.937732
2015-03-16T05:05:31.397Z,-0.100688,-3.93242,-1.28582
2015-03-16T05:05:34.534Z,0.241767,-4.09595,-1.15117
2015-03-16T05:05:37.670Z,0.0851387,-3.99829,-1.04371
2015-03-16T05:05:40.807Z,0.228527,-4.02680,-1.64988
2015-03-16T05:05:43.944Z,0.200909,-3.66767,-1.70706
2015-03-16T05:05:47.081Z,-0.184353,-4.02323,-1.44294
2015-03-16T05:05:50.218Z,-0.0814984,-3.93399,-1.64787
2015-03-16T05:05:53.355Z,0.0695356,-4.07739,-1.63728
2015-03-16T05:05:56.492Z,-0.0838872,-3.74117,-1.94164
2015-03-16T05:05:59.629Z,0.0360912,-3.85663,-2.14321
2015-03-16T05:06:02.766Z,0.0560829,-3.87598,-2.40858
2015-03-16T05:06:05.903Z,-0.181225,-3.68017,-2.59255
2015-03-16T05:06:09.040Z,-0.294923,-3.62580,-2.84472
2015-03-16T05:06:12.177Z,-0.200621,-3.36447,-3.05321
2015-03-16T05:06:15.314Z,-0.284997,-3.09282,-3.37149
2015-03-16T05:06:18.451Z,-0.335062,-3.20725,-3.19368
2015-03-16T05:06:21.588Z,-0.273893,-2.99330,-3.49733
2015-03-16T05:06:24.724Z,-0.696614,-2.56124,-3.79102
2015-03-16T05:06:27.861Z,-0.508895,-2.58423,-3.71669
2015-03-16T05:06:30.998Z,-0.565627,-2.39989,-3.79054
2015-03-16T05:06:34.135Z,-0.515804,-2.21017,-4.00043
2015-03-16T05:06:37.272Z,-0.101014,-2.64980,-3.79424
2015-03-16T05:06:40.409Z,0.139990,-3.01910,-3.58342
2015-03-16T05:06:43.546Z,-0.112603,-2.77509,-3.75545
2015-03-16T05:06:46.683Z,-0.202637,-2.40164,-3.84918
2015-03-16T05:06:49.820Z,0.324887,-2.02427,-3.67979
2015-03-16T05:06:52.957Z,0.770429,-2.17677,-3.77915
2015-03-16T05:06:56.094Z,-0.997628,-1.75301,-3.31684
2015-03-16T05:06:59.231Z,-1.34596,-1.75637,-3.12127
2015-03-16T05:07:02.368Z,-1.27249,-1.60323,-3.27966
2015-03-16T05:07:05.505Z,-1.00123,-1.19212,-3.25922
2015-03-16T05:07:08.642Z,-0.650476,-1.80387,-3.51594
2015-03-16T05:07:11.778Z,-0.358250,-1.64390,-3.55514
2015-03-16T05:07:14.915Z,-0.213959,-1.50805,-3.91939
2015-03-16T05:07:18.052Z,0.114546,-1.03554,-3.91989
2015-03-16T05:07:21.189Z,-0.553085,-1.01539,-2.33782
2015-03-16T05:07:24.326Z,-0.321781,-2.44214,-0.765857
2015-03-16T05:07:27.463Z,-0.207350,-2.05708,-1.10903
2015-03-16T05:07:30.600Z,-0.304657,-2.73227,-1.06043
2015-03-16T05:07:33.737Z,-0.547016,-3.14212,-1.48952
2015-03-16T05:07:36.874Z,-0.633956,-3.09970,-2.22478
2015-03-16T05:07:40.011Z,-0.992386,-2.12294,-2.50867
2015-03-16T05:07:43.148Z,-0.896781,-1.76107,-2.43022
2015-03-16T05:07:46.285Z,-0.744031,-1.14877,-2.45888
2015-03-16T05:07:49.422Z,-0.693781,-1.35172,-2.57049
2015-03-16T05:07:52.559Z,-0.670622,-1.10438,-3.40457
2015-03-16T05:07:55.696Z,-0.643013,-1.15934,-3.57293
2015-03-16T05:07:58.832Z,-0.284725,-1.22845,-3.78301
2015-03-16T05:08:01.969Z,-0.322130,-1.68678,-4.05034
2015-03-16T05:08:05.106Z,-0.00978312,-1.56816,-3.38034
2015-03-16T05:08:08.243Z,0.0212900,-1.98279,-3.17941
2015-03-16T05:08:11.380Z,0.113483,-2.29449,-2.73993
2015-03-16T05:08:14.517Z,0.165008,-2.05454,-3.08061
2015-03-16T05:08:17.654Z,0.0252147,-1.75396,-3.38430
2015-03-16T05:08:20.791Z,0.0210611,-1.85636,-3.57434
2015-03-16T05:08:23.928Z,0.168318,-1.29202,-3.47287
2015-03-16T05:08:27.065Z,0.0557697,-2.06979,-4.27535
2015-03-16T05:08:30.202Z,-0.0122529,-1.97339,-4.44227
2015-03-16T05:08:33.339Z,0.147359,-1.27599,-3.80563
2015-03-16T05:08:36.476Z,0.359244,-1.05510,-3.73589
2015-03-16T05:08:39.613Z,0.168103,-1.72866,-3.90192
2015-03-16T05:08:42.750Z,0.218388,-1.39377,-3.76136
2015-03-16T05:08:45.886Z,0.368860,-1.10863,-4.59102
2015-03-16T05:08:49.023Z,0.455106,-0.910910,-4.34150
2015-03-16T05:08:52.160Z,0.554758,-1.05473,-4.70759
2015-03-16T05:08:55.297Z,0.465532,-1.22233,-4.65095
2015-03-16T05:08:58.434Z,-0.0944987,-1.69567,-4.49137
2015-03-16T05:09:01.571Z,-0.111873,-1.28915,-4.45817
2015-03-16T05:09:04.708Z,-0.266133,-1.56651,-4.20216
2015-03-16T05:09:07.845Z,-0.186033,-1.33419,-4.28118
2015-03-16T05:09:10.982Z,0.00139769,-1.32684,-4.60763
2015-03-16T05:09:14.119Z,0.370293,-0.245626,-3.89192
2015-03-16T05:09:17.256Z,1.10535,-0.758845,-4.66031
2015-03-16T05:09:20.393Z,0.848962,-0.798296,-4.59415
2015-03-16T05:09:23.530Z,0.821521,-0.716733,-4.49734
2015-03-16T05:09:26.667Z,0.620724,-0.409984,-4.21564
2015-03-16T05:09:29.804Z,0.721732,-0.694645,-4.18744
2015-03-16T05:09:32.940Z,1.17777,0.0293305,-4.23152
2015-03-16T05:09:36.077Z,1.32099,-0.228940,-4.35150
2015-03-16T05:09:39.214Z,1.25998,1.13506,-4.29379
2015-03-16T05:09:42.351Z,1.28239,1.17207,-3.83554
2015-03-16T05:09:45.488Z,1.13665,1.36528,-3.36627
2015-03-16T05:09:48.625Z,1.17135,1.31851,-3.21549
2015-03-16T05:09:51.762Z,1.16242,1.77391,-3.71430
2015-03-16T05:09:54.899Z,1.29138,1.44350,-3.82942
2015-03-16T05:09:58.036Z,1.21428,1.10015,-3.91508
2015-03-16T05:10:01.173Z,1.09135,1.39364,-3.92292
2015-03-16T05:10:04.310Z,0.925336,1.46920,-3.62358
2015-03-16T05:10:07.447Z,1.22267,2.06060,-3.45261
2015-03-16T05:10:10.584Z,1.15453,1.60876,-3.77474
2015-03-16T05:10:13.721Z,1.12394,1.48026,-4.04506
2015-03-16T05:10:16.858Z,0.664871,0.822232,-3.81464
2015-03-16T05:10:19.994Z,0.246322,0.462597,-2.28906
2015-03-16T05:10:23.131Z,0.542128,0.0492045,-3.92364
2015-03-16T05:10:26.268Z,0.139510,-0.524061,-4.76198
2015-03-16T05:10:29.405Z,0.211470,-0.881468,-4.39048
2015-03-16T05:10:32.542Z,-0.0409692,-1.37625,-3.88754
2015-03-16T05:10:35.679Z,-0.617872,-1.97357,-4.53188
2015-03-16T05:10:38.816Z,-0.564539,-1.86035,-4.63590
2015-03-16T05:10:41.953Z,-0.478354,-1.77398,-4.53951
2015-03-16T05:10:45.090Z,-0.619038,-1.80288,-4.24122
2015-03-16T05:10:48.227Z,-0.704980,-2.27423,-3.50698
2015-03-16T05:10:51.364Z,-1.10206,-1.79539,-3.75591
2015-03-16T05:10:54.501Z,1.70705,1.86987,-2.99726
2015-03-16T05:10:57.638Z,1.49661,1.24443,-3.83531
2015-03-16T05:11:00.775Z,1.07945,0.912886,-4.32048
2015-03-16T05:11:03.912Z,1.00017,-0.0230899,-4.13753
2015-03-16T05:11:07.048Z,0.650515,-0.484096,-3.89676
2015-03-16T05:11:10.185Z,0.175058,-1.33774,-4.40131
2015-03-16T05:11:13.322Z,-0.624514,-1.70878,-4.74900
2015-03-16T05:11:16.459Z,-0.457413,-1.70783,-4.66532
2015-03-16T05:11:19.596Z,-0.435575,-2.00349,-4.55669
2015-03-16T05:11:22.733Z,-0.850222,-2.61444,-3.93601
2015-03-16T05:11:25.870Z,-1.18619,-2.65398,-3.42290
2015-03-16T05:11:29.007Z,-0.844192,-2.08119,-4.21961
2015-03-16T05:11:32.144Z,-1.21373,-2.52456,-3.12803
2015-03-16T05:11:35.281Z,-1.23931,-2.50272,-3.16864
2015-03-16T05:11:38.418Z,-1.04791,-2.52804,-3.32545
2015-03-16T05:11:41.555Z,-1.09033,-2.36028,-3.50711
2015-03-16T05:11:44.692Z,-0.965025,-2.23532,-3.59541
2015-03-16T05:11:47.829Z,-1.11646,-1.94939,-3.78043
2015-03-16T05:11:50.966Z,-1.07664,-1.83834,-4.21675
2015-03-16T05:11:54.102Z,-0.976774,-1.59116,-4.36394
2015-03-16T05:11:57.239Z,-1.04232,-1.51929,-4.32445
2015-03-16T05:12:00.376Z,-0.839014,-1.63987,-4.37478
2015-03-16T05:12:03.513Z,-0.888573,-2.02429,-4.39619
2015-03-16T05:12:06.650Z,-0.681872,-1.91918,-4.32235
2015-03-16T05:12:09.787Z,-0.958936,-1.36776,-4.50527
2015-03-16T05:12:12.924Z,-0.867903,-1.32561,-4.64233
2015-03-16T05:12:16.061Z,-0.914192,-1.09833,-4.60161
2015-03-16T05:12:19.198Z,-1.05926,-0.491596,-4.58289
2015-03-16T05:12:22.335Z,-0.932609,-0.292927,-4.54447
2015-03-16T05:12:25.472Z,-1.00718,-0.400268,-4.44453
2015-03-16T05:12:28.609Z,-0.637656,-0.448434,-4.18746
2015-03-16T05:12:31.746Z,-0.424172,-0.701265,-4.26807
2015-03-16T05:12:34.883Z,-0.788836,-0.651352,-3.85310
2015-03-16T05:12:38.019Z,-0.792501,-0.380751,-3.33734
2015-03-16T05:12:41.156Z,-0.549539,-0.197815,-3.58059
2015-03-16T05:12:44.293Z,-0.791762,-0.400506,-3.65554
2015-03-16T05:12:47.430Z,-0.538791,-0.355063,-3.78305
2015-03-16T05:12:50.567Z,-0.829181,-0.452941,-3.82510
2015-03-16T05:12:53.704Z,-0.827724,-0.482421,-3.93636
2015-03-16T05:12:56.841Z,-0.979727,-0.454646,-4.34451
2015-03-16T05:12:59.978Z,-0.883703,-0.225273,-4.22522
2015-03-16T05:13:03.115Z,-0.791394,-0.0259563,-4.35249
2015-03-16T05:13:06.252Z,-0.782874,-0.124279,-4.29567
2015-03-16T05:13:09.389Z,-0.280250,0.0558147,-4.30200
2015-03-16T05:13:12.526Z,-0.271023,0.0862612,-4.24944
2015-03-16T05:13:15.663Z,-0.439421,0.127800,-4.39181
2015-03-16T05:13:18.800Z,-0.388890,0.181908,-4.29261
2015-03-16T05:13:21.937Z,-0.533865,0.257324,-4.33045
2015-03-16T05:13:25.073Z,-0.509438,0.183543,-4.40302
2015-03-16T05:13:28.210Z,-0.187844,0.151297,-4.17937
2015-03-16T05:13:31.347Z,-0.200131,0.249964,-4.09057
2015-03-16T05:13:34.484Z,-0.0825606,0.294631,-4.20974
2015-03-16T05:13:37.621Z,0.0171365,0.381893,-3.46397
2015-03-16T05:13:40.758Z,-0.125545,0.314923,-3.64415
2015-03-16T05:13:43.895Z,-0.412978,0.0419393,-3.41562
2015-03-16T05:13:47.032Z,-0.287999,0.348950,-3.72474
2015-03-16T05:13:50.169Z,0.0721662,0.549141,-3.64975
2015-03-16T05:13:53.306Z,0.0821793,0.176797,-3.47504
2015-03-16T05:13:56.443Z,-0.0167135,0.552555,-3.57048
2015-03-16T05:13:59.580Z,-0.224458,-0.239276,-3.49095
2015-03-16T05:14:02.717Z,-0.127338,0.205753,-3.68773
2015-03-16T05:14:05.854Z,-0.177066,0.187260,-3.50404
2015-03-16T05:14:08.991Z,-0.251360,0.334389,-3.49841
2015-03-16T05:14:12.127Z,0.0123218,0.205423,-3.50006
2015-03-16T05:14:15.264Z,-0.219974,0.199157,-3.74403
2015-03-16T05:14:18.401Z,-0.312834,0.110924,-3.63454
2015-03-16T05:14:21.538Z,-0.249088,0.266093,-3.83143
2015-03-16T05:14:24.675Z,-0.245392,0.124630,-3.69285
2015-03-16T05:14:27.812Z,-0.261480,0.211977,-3.70311
2015-03-16T05:14:30.949Z,-0.315799,0.0400921,-3.57846
2015-03-16T05:14:34.086Z,-0.384256,0.261859,-3.59149
2015-03-16T05:14:37.223Z,-0.337725,0.287732,-3.69001
2015-03-16T05:14:40.360Z,-0.244188,0.0979578,-3.54783
2015-03-16T05:14:43.497Z,-0.116517,-0.317781,-3.47321
2015-03-16T05:14:46.634Z,-0.248577,-0.0812392,-3.65719
2015-03-16T05:14:49.771Z,-0.183491,-0.509274,-3.54756
2015-03-16T05:14:52.908Z,-0.262428,-0.389036,-3.81290
2015-03-16T05:14:56.045Z,-0.168224,-0.761040,-3.77920
2015-03-16T05:14:59.181Z,-0.103045,-0.897799,-3.92028
2015-03-16T05:15:02.318Z,-0.00250562,-0.632214,-4.01742
2015-03-16T05:15:05.455Z,-0.137225,-1.05112,-3.92449
2015-03-16T05:15:08.592Z,-0.185992,-1.47808,-4.25327
2015-03-16T05:15:11.729Z,-0.241940,-1.38385,-4.36901
2015-03-16T05:15:14.866Z,-0.133747,-1.44509,-4.21599
2015-03-16T05:15:18.003Z,-0.399103,-1.20131,-4.26872
2015-03-16T05:15:21.140Z,-0.355407,-1.23682,-4.05439
2015-03-16T05:15:24.277Z,-0.356096,-1.43452,-4.18849
2015-03-16T05:15:27.414Z,-0.274615,-1.54915,-4.11746
2015-03-16T05:15:30.551Z,-0.539938,-1.72895,-4.20804
2015-03-16T05:15:33.688Z,-0.265996,-1.99822,-4.35024
2015-03-16T05:15:36.825Z,-0.529075,-2.12561,-3.88824
2015-03-16T05:15:39.962Z,-0.297760,-1.91622,-4.24210
2015-03-16T05:15:43.099Z,-0.276113,-1.77599,-4.24130
2015-03-16T05:15:46.235Z,-0.162302,-2.08855,-4.17552
2015-03-16T05:15:49.372Z,-0.255306,-1.73009,-4.56354
2015-03-16T05:15:52.509Z,-0.269886,-1.78492,-4.52110
2015-03-16T05:15:55.646Z,-0.281248,-1.97978,-4.55967
2015-03-16T05:15:58.783Z,-0.151037,-1.92134,-4.60218
2015-03-16T05:16:01.920Z,-0.00502154,-2.04582,-4.60369
2015-03-16T05:16:05.057Z,-0.130969,-2.08661,-4.59581
2015-03-16T05:16:08.194Z,-0.110142,-1.84899,-4.51609
2015-03-16T05:16:11.331Z,-0.124714,-1.63641,-4.49405
2015-03-16T05:16:14.468Z,-0.0674135,-1.71696,-4.30401
2015-03-16T05:16:17.605Z,-0.212353,-1.55180,-4.06805
2015-03-16T05:16:20.742Z,-0.0636268,-1.46164,-3.72663
2015-03-16T05:16:23.879Z,0.0288553,-1.38652,-4.12975
2015-03-16T05:16:27.016Z,-0.128927,-1.47114,-4.24095
2015-03-16T05:16:30.153Z,0.0963420,-1.02557,-4.22801
2015-03-16T05:16:33.289Z,0.109383,-1.28506,-3.78967
2015-03-16T05:16:36.426Z,-0.0673429,-1.07781,-3.76515
2015-03-16T05:16:39.563Z,-0.188401,-1.43154,-3.65322
2015-03-16T05:16:42.700Z,-0.123163,-0.997273,-3.64993
2015-03-16T05:16:45.837Z,-0.130220,-1.27775,-3.53420
2015-03-16T05:16:48.974Z,-0.0396438,-1.11897,-3.70088
2015-03-16T05:16:52.111Z,-0.0708784,-1.45080,-3.76408
2015-03-16T05:16:55.248Z,0.137490,-1.15633,-3.86140
2015-03-16T05:16:58.385Z,-0.223243,-1.46235,-4.45525
2015-03-16T05:17:01.522Z,-0.107476,-1.55355,-4.54643
2015-03-16T05:17:04.659Z,0.161060,-1.76961,-4.50355
2015-03-16T05:17:07.796Z,0.444988,-1.92332,-4.39269
2015-03-16T05:17:10.933Z,0.479754,-2.38072,-4.35215
2015-03-16T05:17:14.070Z,0.598620,-2.03940,-4.46529
2015-03-16T05:17:17.207Z,0.585543,-2.12553,-4.48543
2015-03-16T05:17:20.343Z,0.519177,-1.99898,-4.51600
2015-03-16T05:17:23.480Z,0.510216,-2.12802,-4.46468
2015-03-16T05:17:26.617Z,0.0348070,-1.63028,-4.57022
2015-03-16T05:17:29.754Z,-0.0847144,-1.52093,-4.49092
2015-03-16T05:17:32.891Z,0.747831,-2.63466,-4.01890
2015-03-16T05:17:36.028Z,0.825367,-2.85194,-4.36965
2015-03-16T05:17:39.165Z,0.708692,-2.63380,-4.44175
2015-03-16T05:17:42.302Z,0.884606,-2.74075,-4.32617
2015-03-16T05:17:45.439Z,1.00871,-2.54640,-4.41052
2015-03-16T05:17:48.576Z,0.890927,-2.43745,-4.48947
2015-03-16T05:17:51.713Z,0.874863,-2.71252,-4.37529
2015-03-16T05:17:54.850Z,0.694177,-2.52960,-4.27988
2015-03-16T05:17:57.987Z,0.812046,-2.68933,-4.46016
2015-03-16T05:18:01.124Z,1.26559,-2.80672,-4.23857
2015-03-16T05:18:04.261Z,1.32343,-2.83494,-4.26482
2015-03-16T05:18:07.397Z,1.32103,-2.69616,-4.25691
2015-03-16T05:18:10.534Z,1.17181,-2.84874,-4.24846
2015-03-16T05:18:13.671Z,1.10482,-2.80563,-4.19881
2015-03-16T05:18:16.808Z,1.04972,-2.77753,-4.02562
2015-03-16T05:18:19.945Z,1.18198,-2.74603,-3.45942
2015-03-16T05:18:23.082Z,1.17565,-2.87881,-3.39559
2015-03-16T05:18:26.219Z,1.21637,-2.74505,-3.57417
2015-03-16T05:18:29.356Z,0.931909,-2.68025,-4.34924
2015-03-16T05:18:32.493Z,0.889509,-2.98365,-4.30326
2015-03-16T05:18:35.630Z,-0.196943,-1.58164,-4.72535
2015-03-16T05:18:38.767Z,-0.684182,-1.48435,-4.65023
2015-03-16T05:18:41.904Z,-0.407145,-1.25945,-4.38370
2015-03-16T05:18:45.041Z,-0.416808,-1.02312,-4.43239
2015-03-16T05:18:48.178Z,-0.300213,-1.09956,-4.37613
2015-03-16T05:18:51.315Z,-0.392701,-1.21903,-4.50022
2015-03-16T05:18:54.451Z,-0.600721,-0.604037,-4.25017
2015-03-16T05:18:57.588Z,-0.170395,-0.700864,-4.49571
2015-03-16T05:19:00.725Z,-1.43812,-0.104124,-4.41882
2015-03-16T05:19:03.862Z,-1.46024,-0.418019,-4.64981
2015-03-16T05:19:06.999Z,-0.462461,-0.268755,-4.70119
2015-03-16T05:19:10.136Z,-0.822505,-0.662819,-4.92207
2015-03-16T05:19:13.273Z,-1.31647,0.0778497,-4.73620
2015-03-16T05:19:16.410Z,-0.742167,-0.376348,-4.83919
2015-03-16T05:19:19.547Z,-0.289637,-1.04333,-4.95604
2015-03-16T05:19:22.684Z,-0.268622,-0.902712,-4.95534
2015-03-16T05:19:25.821Z,-0.170506,-1.11837,-4.83817
2015-03-16T05:19:28.958Z,-0.187297,-0.644300,-4.87395
2015-03-16T05:19:32.095Z,0.246592,-2.08837,-4.46842
2015-03-16T05:19:35.232Z,-0.336774,-3.13887,-4.19007
2015-03-16T05:19:38.369Z,-0.00806137,-2.69890,-4.66824
2015-03-16T05:19:41.505Z,0.0662209,-2.86771,-4.50441
2015-03-16T05:19:44.642Z,0.205254,-3.35207,-4.10221
2015-03-16T05:19:47.779Z,0.131730,-2.95674,-4.21558
2015-03-16T05:19:50.916Z,0.0105923,-3.10163,-4.26180
2015-03-16T05:19:54.053Z,0.0302042,-2.88718,-4.28132
2015-03-16T05:19:57.190Z,-0.0382714,-2.84761,-4.43957
2015-03-16T05:20:00.327Z,-0.445419,-2.43355,-4.68233
2015-03-16T05:20:03.464Z,-0.0755439,-2.90613,-4.30450
2015-03-16T05:20:06.601Z,0.363793,-3.75342,-3.60553
2015-03-16T05:20:09.738Z,0.428076,-3.47473,-3.66065
2015-03-16T05:20:12.875Z,0.382498,-3.65262,-3.60772
2015-03-16T05:20:16.012Z,0.327185,-3.49227,-3.70713
2015-03-16T05:20:19.149Z,0.226822,-3.72833,-3.62035
2015-03-16T05:20:22.286Z,0.182580,-3.39469,-3.79235
2015-03-16T05:20:25.423Z,0.0611052,-3.59278,-3.69548
2015-03-16T05:20:28.559Z,0.129136,-3.42188,-3.78074
2015-03-16T05:20:31.696Z,0.0593215,-3.41330,-3.91675
2015-03-16T05:20:34.833Z,0.108533,-3.34682,-4.13424
2015-03-16T05:20:37.970Z,0.0647812,-3.51067,-4.16548
2015-03-16T05:20:41.107Z,0.112230,-3.52032,-4.10738
2015-03-16T05:20:44.244Z,0.112210,-3.65980,-4.10363
2015-03-16T05:20:47.381Z,0.148616,-3.43597,-4.22887
2015-03-16T05:20:50.518Z,0.219173,-3.48567,-4.48554
2015-03-16T05:20:53.655Z,0.328129,-3.14274,-4.57625
2015-03-16T05:20:56.792Z,0.325261,-3.41352,-4.60544
2015-03-16T05:20:59.929Z,0.383413,-3.31476,-4.72152
2015-03-16T05:21:03.066Z,0.340948,-3.51334,-4.71800
2015-03-16T05:21:06.203Z,0.260754,-3.34671,-4.77342
2015-03-16T05:21:09.340Z,0.275903,-3.49529,-4.76706
2015-03-16T05:21:12.477Z,0.397314,-3.14966,-4.75742
2015-03-16T05:21:15.613Z,0.235389,-3.32348,-4.66751
2015-03-16T05:21:18.750Z,0.590504,-2.74092,-4.86319
2015-03-16T05:21:21.887Z,0.795508,-2.59511,-4.93362
2015-03-16T05:21:25.024Z,0.718905,-2.73340,-4.84817
2015-03-16T05:21:28.161Z,0.668101,-2.93486,-4.72458
2015-03-16T05:21:31.298Z,0.686274,-2.57281,-4.71107
2015-03-16T05:21:34.435Z,0.388773,-3.10538,-4.51255
2015-03-16T05:21:37.572Z,0.114447,-2.90683,-4.59430
2015-03-16T05:21:40.709Z,0.287322,-3.31117,-4.43637
2015-03-16T05:21:43.846Z,0.232042,-3.22459,-4.58903
2015-03-16T05:21:46.983Z,0.302323,-3.38959,-4.51118
2015-03-16T05:21:50.120Z,0.498418,-3.26438,-4.43833
2015-03-16T05:21:53.257Z,0.426389,-3.47420,-4.58803
2015-03-16T05:21:56.394Z,0.337876,-3.21370,-4.67609
2015-03-16T05:21:59.531Z,0.139069,-3.32711,-4.65120
2015-03-16T05:22:02.667Z,0.158279,-3.10378,-4.71907
2015-03-16T05:22:05.804Z,0.0474549,-3.25917,-4.73937
2015-03-16T05:22:08.941Z,0.00702520,-3.09542,-4.75008
2015-03-16T05:22:12.078Z,-0.0187094,-3.13707,-4.74577
2015-03-16T05:22:15.215Z,-0.0435994,-3.00299,-4.95021
2015-03-16T05:22:18.352Z,0.0143941,-3.10136,-4.89529
2015-03-16T05:22:21.489Z,-0.00128754,-2.86790,-4.90882
2015-03-16T05:22:24.626Z,0.0821729,-2.99173,-4.94771
2015-03-16T05:22:27.763Z,0.0939518,-2.70035,-5.06180
2015-03-16T05:22:30.900Z,0.0672908,-2.99513,-5.03641
2015-03-16T05:22:34.037Z,0.101956,-2.79340,-5.18775
2015-03-16T05:22:37.174Z,-0.0163177,-2.80115,-5.07868
2015-03-16T05:22:40.311Z,0.129532,-2.73187,-5.15388
2015-03-16T05:22:43.448Z,0.0352507,-2.93915,-5.24707
2015-03-16T05:22:46.584Z,-0.00790763,-2.76944,-5.28238
2015-03-16T05:22:49.721Z,-0.0709641,-2.80167,-5.21209
2015-03-16T05:22:52.858Z,-0.0691359,-2.78764,-5.29625
2015-03-16T05:22:55.995Z,-0.0961381,-2.65509,-5.33044
2015-03-16T05:22:59.132Z,-0.0927912,-2.75399,-5.40892
2015-03-16T05:23:02.269Z,-0.217356,-2.65827,-5.39249
2015-03-16T05:23:05.406Z,-0.186537,-2.82706,-5.32310
2015-03-16T05:23:08.543Z,-0.247826,-2.56407,-5.35655
2015-03-16T05:23:11.680Z,-0.788350,-2.29620,-5.59936
2015-03-16T05:23:14.817Z,-1.28403,-2.02257,-5.55192
2015-03-16T05:23:17.954Z,-1.23844,-2.19158,-5.52825
2015-03-16T05:23:21.091Z,-1.04265,-2.41243,-5.53741
2015-03-16T05:23:24.228Z,-1.32633,-2.28547,-5.34488
2015-03-16T05:23:27.365Z,-1.28652,-2.35628,-5.23108
2015-03-16T05:23:30.502Z,-1.05464,-2.35247,-5.52408
2015-03-16T05:23:33.638Z,-0.895561,-2.70377,-5.46340
2015-03-16T05:23:36.775Z,-0.811985,-2.43017,-5.55140
2015-03-16T05:23:39.912Z,-0.865705,-2.48466,-5.54150
2015-03-16T05:23:43.049Z,-0.760306,-2.39111,-5.62365
2015-03-16T05:23:46.186Z,-0.778504,-2.67647,-5.52274
2015-03-16T05:23:49.323Z,-0.716083,-2.55714,-5.61229
2015-03-16T05:23:52.460Z,-0.735098,-2.52475,-5.57770
2015-03-16T05:23:55.597Z,-0.641461,-2.40965,-5.58781
2015-03-16T05:23:58.734Z,-0.661230,-2.42742,-5.58081
2015-03-16T05:24:01.871Z,-0.553045,-2.44757,-5.65707
2015-03-16T05:24:05.008Z,-0.515854,-2.16063,-5.82712
2015-03-16T05:24:08.145Z,-0.693952,-2.21640,-5.87981
2015-03-16T05:24:11.282Z,-0.661687,-2.22279,-5.94666
2015-03-16T05:24:14.419Z,-0.624675,-2.18574,-5.96110
2015-03-16T05:24:17.556Z,-0.629187,-2.08831,-5.87076
2015-03-16T05:24:20.692Z,-0.668422,-2.30395,-5.78220
2015-03-16T05:24:23.829Z,-0.857092,-2.15031,-5.88541
2015-03-16T05:24:26.966Z,-0.834258,-2.30567,-5.86566
2015-03-16T05:24:30.103Z,-0.834939,-2.15063,-5.95401
2015-03-16T05:24:33.240Z,-0.884920,-2.27311,-5.88645
2015-03-16T05:24:36.377Z,-0.905426,-2.11482,-5.92993
2015-03-16T05:24:39.514Z,-0.849459,-2.22280,-5.81502
2015-03-16T05:24:42.651Z,-0.908894,-2.15318,-5.85979
2015-03-16T05:24:45.788Z,-0.876028,-2.17290,-5.85413
2015-03-16T05:24:48.925Z,-0.822397,-2.15600,-5.96391
2015-03-16T05:24:52.062Z,-0.907085,-2.27863,-5.94019
2015-03-16T05:24:55.199Z,-0.923655,-2.01933,-5.94015
2015-03-16T05:24:58.336Z,-0.939297,-2.20653,-5.93034
2015-03-16T05:25:01.473Z,-0.901789,-2.00715,-5.92265
2015-03-16T05:25:04.610Z,-0.977372,-2.24727,-5.89195
2015-03-16T05:25:07.746Z,-0.879082,-1.95287,-5.98783
2015-03-16T05:25:10.883Z,-0.939497,-2.20209,-5.95451
2015-03-16T05:25:14.020Z,-0.844859,-1.97849,-6.03104
2015-03-16T05:25:17.157Z,-0.960089,-2.25484,-6.05958
2015-03-16T05:25:20.294Z,-1.00789,-2.08514,-5.92509
2015-03-16T05:25:23.431Z,-1.06484,-2.29601,-5.96192
2015-03-16T05:25:26.568Z,-0.937922,-2.24932,-6.00584
2015-03-16T05:25:29.705Z,-0.946673,-2.07279,-6.03357
2015-03-16T05:25:32.842Z,-0.906829,-2.21737,-5.97302
2015-03-16T05:25:35.979Z,-0.874144,-2.09317,-5.99529
2015-03-16T05:25:39.116Z,-0.977537,-2.31660,-5.96937
2015-03-16T05:25:42.253Z,-0.914140,-2.01208,-6.01091
2015-03-16T05:25:45.390Z,-0.853939,-2.24479,-5.98806
2015-03-16T05:25:48.527Z,-0.885244,-2.05904,-5.99553
2015-03-16T05:25:51.664Z,-0.908135,-2.32213,-6.00403
2015-03-16T05:25:54.800Z,-0.862910,-2.20329,-6.03621
2015-03-16T05:25:57.937Z,-0.853098,-2.20269,-6.07072
2015-03-16T05:26:01.074Z,-0.808411,-2.13261,-5.98397
2015-03-16T05:26:04.211Z,-0.911144,-2.17003,-6.06864
2015-03-16T05:26:07.348Z,-0.830630,-2.20384,-5.98072
2015-03-16T05:26:10.485Z,-0.961106,-2.15302,-6.00483
2015-03-16T05:26:13.622Z,-0.842936,-2.27670,-5.99989
2015-03-16T05:26:16.759Z,-0.784685,-2.18017,-6.10389
2015-03-16T05:26:19.896Z,-0.864697,-2.15746,-6.13139
2015-03-16T05:26:23.033Z,-0.726837,-2.20839,-6.13014
2015-03-16T05:26:26.170Z,-0.695255,-2.36683,-6.12095
2015-03-16T05:26:29.307Z,-0.701045,-2.27448,-6.15316
2015-03-16T05:26:32.444Z,-0.703850,-2.30026,-6.15530
2015-03-16T05:26:35.581Z,-0.677485,-2.17226,-6.17866
2015-03-16T05:26:38.718Z,-0.706434,-2.19101,-6.13703
2015-03-16T05:26:41.854Z,-0.692776,-2.12698,-6.22790
2015-03-16T05:26:44.991Z,-0.685779,-2.11236,-6.17676
2015-03-16T05:26:48.128Z,-0.734699,-2.05770,-6.17145
2015-03-16T05:26:51.265Z,-0.590961,-2.03268,-6.22536
2015-03-16T05:26:54.402Z,-0.690849,-2.11516,-6.29997
2015-03-16T05:26:57.539Z,-0.692102,-1.93512,-6.21614
2015-03-16T05:27:00.676Z,-0.831209,-2.27013,-6.22882
2015-03-16T05:27:03.813Z,-0.761668,-1.99892,-6.25890
2015-03-16T05:27:06.950Z,-0.813946,-2.19809,-6.22086
2015-03-16T05:27:10.087Z,-0.828154,-2.00964,-6.29780
2015-03-16T05:27:13.224Z,-0.781373,-2.07751,-6.37755
2015-03-16T05:27:16.361Z,-0.742325,-1.85158,-6.36793
2015-03-16T05:27:19.498Z,-0.619397,-1.79526,-6.37550
2015-03-16T05:27:22.635Z,-0.768423,-1.78175,-6.44233
2015-03-16T05:27:25.772Z,-0.696943,-2.14979,-6.24234
2015-03-16T05:27:28.908Z,-0.636706,-1.79937,-6.45254
2015-03-16T05:27:32.045Z,-0.566088,-1.86844,-6.36881
2015-03-16T05:27:35.182Z,-0.558845,-1.44567,-6.42710
2015-03-16T05:27:38.319Z,-0.609278,-1.62496,-6.35088
2015-03-16T05:27:41.456Z,-0.565130,-1.64637,-6.29418
2015-03-16T05:27:44.593Z,-0.554162,-1.60450,-6.25276
2015-03-16T05:27:47.730Z,-0.545222,-1.57223,-6.15136
2015-03-16T05:27:50.867Z,-0.617455,-1.73489,-6.17626
2015-03-16T05:27:54.004Z,-0.503627,-1.42743,-6.31690
2015-03-16T05:27:57.141Z,-0.615494,-1.79685,-6.30159
2015-03-16T05:28:00.278Z,-0.529634,-1.66983,-6.27600
2015-03-16T05:28:03.415Z,-0.403787,-1.93392,-6.13158
2015-03-16T05:28:06.552Z,-0.220123,-1.80138,-6.29265
2015-03-16T05:28:09.689Z,-0.452661,-1.81648,-6.24444
2015-03-16T05:28:12.826Z,-0.284761,-1.70258,-6.25135
2015-03-16T05:28:15.962Z,-0.396029,-1.73551,-6.17894
2015-03-16T05:28:19.099Z,-0.308318,-1.62843,-6.20297
2015-03-16T05:28:22.236Z,-0.0856146,-1.57996,-6.25121
2015-03-16T05:28:25.373Z,-0.0255602,-1.74251,-6.30953
2015-03-16T05:28:28.510Z,-0.0284370,-1.66704,-6.25676
2015-03-16T05:28:31.647Z,-0.261538,-2.09011,-6.09918
2015-03-16T05:28:34.784Z,-0.203003,-1.39610,-6.36214
2015-03-16T05:28:37.921Z,-0.320167,-1.81791,-6.19251
2015-03-16T05:28:41.058Z,-0.294795,-1.66477,-6.27554
2015-03-16T05:28:44.195Z,-0.419554,-1.91150,-6.20669
2015-03-16T05:28:47.332Z,-0.295678,-1.81238,-6.22367
2015-03-16T05:28:50.469Z,-0.504823,-1.88132,-6.25923
2015-03-16T05:28:53.606Z,-0.597048,-2.06733,-6.16773
2015-03-16T05:28:56.743Z,-0.556762,-1.98456,-6.21531
2015-03-16T05:28:59.880Z,-0.183623,-1.80307,-6.32174
2015-03-16T05:29:03.016Z,-0.854743,-1.70964,-6.26078
2015-03-16T05:29:06.153Z,-0.330994,-1.75941,-6.25222
2015-03-16T05:29:09.290Z,0.183583,-1.84996,-6.29683
2015-03-16T05:29:12.427Z,1.17721,-1.93511,-6.03391
2015-03-16T05:29:15.564Z,1.29018,-1.85195,-6.23710
2015-03-16T05:29:18.701Z,1.60700,-1.88298,-6.06316
2015-03-16T05:29:21.838Z,1.28298,-1.81940,-6.16344
2015-03-16T05:29:24.975Z,0.913003,-2.26588,-6.06020
2015-03-16T05:29:28.112Z,0.269690,-1.92769,-6.36898
2015-03-16T05:29:31.249Z,-0.687219,-1.49010,-6.46874
2015-03-16T05:29:34.386Z,-0.846208,-1.58340,-6.60511
2015-03-16T05:29:37.523Z,-0.938479,-1.52512,-6.55982
2015-03-16T05:29:40.660Z,-0.820991,-1.49376,-6.64322
2015-03-16T05:29:43.797Z,-0.645156,-1.50173,-6.69245
2015-03-16T05:29:46.934Z,-0.949024,-1.43640,-6.55665
2015-03-16T05:29:50.070Z,-0.964339,-1.35714,-6.64043
2015-03-16T05:29:53.207Z,-0.973300,-1.48617,-6.58912
2015-03-16T05:29:56.344Z,-1.08857,-1.34186,-6.64100
2015-03-16T05:29:59.481Z,-1.17909,-1.47472,-6.61911
2015-03-16T05:30:02.618Z,-1.16390,-1.34435,-6.62026
2015-03-16T05:30:05.755Z,-1.13430,-1.44959,-6.66925
2015-03-16T05:30:08.892Z,-0.772230,-1.44138,-6.70308
2015-03-16T05:30:12.029Z,-0.751572,-1.53618,-6.70451
2015-03-16T05:30:15.166Z,-0.909085,-1.45540,-6.73245
2015-03-16T05:30:18.303Z,-1.03171,-1.51839,-6.68863
2015-03-16T05:30:21.440Z,-1.23235,-1.16531,-6.78227
2015-03-16T05:30:24.577Z,-1.42962,-1.20946,-6.60648
2015-03-16T05:30:27.714Z,-1.38929,-1.02409,-6.68444
2015-03-16T05:30:30.851Z,-1.35991,-1.26438,-6.75386
2015-03-16T05:30:33.988Z,-1.35815,-1.10280,-6.73151
2015-03-16T05:30:37.124Z,-1.11903,-1.11403,-6.73115
2015-03-16T05:30:40.261Z,-1.04617,-1.03848,-6.68699
2015-03-16T05:30:43.398Z,-1.06744,-1.24036,-6.65485
2015-03-16T05:30:46.535Z,-1.00440,-1.17125,-6.69852
2015-03-16T05:30:49.672Z,-0.968841,-1.47589,-6.66075
2015-03-16T05:30:52.809Z,-0.976621,-1.29053,-6.66335
2015-03-16T05:30:55.946Z,-1.03311,-1.44457,-6.70885
2015-03-16T05:30:59.083Z,-1.02994,-1.04682,-6.76950
2015-03-16T05:31:02.220Z,-1.18741,-1.21034,-6.75123
2015-03-16T05:31:05.357Z,-1.18318,-0.811820,-6.89700
2015-03-16T05:31:08.494Z,-1.31550,-1.09088,-6.85608
2015-03-16T05:31:11.631Z,-1.18928,-0.499548,-6.91597
2015-03-16T05:31:14.768Z,-1.26140,-0.701312,-6.95541
2015-03-16T05:31:17.905Z,-1.18630,-0.620611,-6.94707
2015-03-16T05:31:21.041Z,-1.27353,-0.704839,-6.89716
2015-03-16T05:31:24.178Z,-1.28989,-0.839601,-6.94532
2015-03-16T05:31:27.315Z,-1.25301,-0.900007,-6.88030
2015-03-16T05:31:30.452Z,-1.29317,-1.05877,-6.87388
2015-03-16T05:31:33.589Z,-1.36780,-0.729919,-6.84514
2015-03-16T05:31:36.726Z,-1.35863,-1.12859,-6.81856
2015-03-16T05:31:39.863Z,-1.39191,-0.710369,-6.80018
2015-03-16T05:31:43.000Z,-1.46525,-0.982224,-6.83192
2015-03-16T05:31:46.137Z,-1.50338,-0.565411,-6.79025
2015-03-16T05:31:49.274Z,-1.47241,-0.670717,-6.76577
2015-03-16T05:31:52.411Z,-1.68644,-0.317480,-6.74020
2015-03-16T05:31:55.548Z,-1.72946,-0.747021,-6.76297
2015-03-16T05:31:58.685Z,-1.71148,-0.551054,-6.67417
2015-03-16T05:32:01.822Z,-1.92202,-0.719605,-6.69166
2015-03-16T05:32:04.959Z,-1.96809,-0.357284,-6.63054
2015-03-16T05:32:08.095Z,-2.05389,-0.589115,-6.61365
2015-03-16T05:32:11.232Z,-1.83905,-0.479595,-6.74523
2015-03-16T05:32:14.369Z,-1.84182,-0.576230,-6.73945
2015-03-16T05:32:17.506Z,-1.80589,-0.505983,-6.70332
2015-03-16T05:32:20.643Z,-1.78211,-0.621465,-6.75414
2015-03-16T05:32:23.780Z,-1.71859,-0.569298,-6.85973
2015-03-16T05:32:26.917Z,-1.64425,-0.715120,-6.90186
2015-03-16T05:32:30.054Z,-1.63444,-0.538156,-6.91350
2015-03-16T05:32:33.191Z,-1.82150,-0.596432,-6.84623
2015-03-16T05:32:36.328Z,-2.16975,-0.0787436,-6.69230
2015-03-16T05:32:39.465Z,-1.62464,-0.981209,-6.71870
2015-03-16T05:32:42.602Z,-1.18312,-1.22667,-6.75132
2015-03-16T05:32:45.739Z,-0.380940,-2.31136,-6.34481
2015-03-16T05:32:48.876Z,-0.142704,-1.94631,-6.50484
2015-03-16T05:32:52.013Z,-0.0918175,-1.92992,-6.60302
2015-03-16T05:32:55.150Z,0.00434301,-1.55617,-6.67015
2015-03-16T05:32:58.286Z,-0.263821,-1.51454,-6.74792
2015-03-16T05:33:01.423Z,-0.244592,-1.32809,-6.84241
2015-03-16T05:33:04.560Z,-0.0584753,-1.44625,-6.77418
2015-03-16T05:33:07.697Z,-0.314461,-1.34250,-6.77246
2015-03-16T05:33:10.834Z,-0.402560,-1.30414,-6.86169
2015-03-16T05:33:13.971Z,-0.543844,-0.836240,-6.77743
2015-03-16T05:33:17.108Z,-0.875075,-1.05013,-6.70083
2015-03-16T05:33:20.245Z,-0.934532,-1.29636,-6.76472
2015-03-16T05:33:23.382Z,-0.999800,-1.37063,-6.68522
2015-03-16T05:33:26.519Z,-1.03411,-1.37967,-6.68072
2015-03-16T05:33:29.656Z,-1.03516,-1.42316,-6.74457
2015-03-16T05:33:32.793Z,-0.739082,-1.39406,-6.60791
2015-03-16T05:33:35.930Z,-0.704827,-1.45072,-6.55540
2015-03-16T05:33:39.067Z,-0.479589,-1.00705,-6.72558
2015-03-16T05:33:42.203Z,-0.611060,-1.23817,-6.64498
2015-03-16T05:33:45.340Z,-0.489807,-1.13240,-6.61331
2015-03-16T05:33:48.477Z,-0.597632,-1.26937,-6.66847
2015-03-16T05:33:51.614Z,-0.795026,-1.14661,-6.72658
2015-03-16T05:33:54.751Z,-1.04223,-1.11972,-6.78867
2015-03-16T05:33:57.888Z,-0.867248,-0.999263,-6.85470
2015-03-16T05:34:01.025Z,-0.772992,-1.28419,-6.80350
2015-03-16T05:34:04.162Z,-0.856872,-1.11459,-6.78632
2015-03-16T05:34:07.299Z,-1.09452,-1.28201,-6.72400
2015-03-16T05:34:10.436Z,-0.633792,-1.30414,-6.82449
2015-03-16T05:34:13.573Z,-0.784232,-1.52681,-6.80832
2015-03-16T05:34:16.710Z,-0.682423,-1.08562,-6.88239
2015-03-16T05:34:19.847Z,-0.742750,-1.12381,-6.78749
2015-03-16T05:34:22.984Z,-0.486233,-0.658467,-7.02303
2015-03-16T05:34:26.121Z,-0.667965,-0.689556,-6.89201
2015-03-16T05:34:29.257Z,-0.554561,-0.646336,-6.95115
2015-03-16T05:34:32.394Z,-0.583793,-0.518933,-6.94953
2015-03-16T05:34:35.531Z,-0.515242,-0.396031,-7.00099
2015-03-16T05:34:38.668Z,-0.605757,-0.528898,-6.97910
2015-03-16T05:34:41.805Z,-0.471750,-0.646181,-6.98267
2015-03-16T05:34:44.942Z,-0.184960,-1.23165,-6.87294
2015-03-16T05:34:48.079Z,-0.468043,-1.68983,-6.82548
2015-03-16T05:34:51.216Z,-0.434488,-1.55458,-6.83470
2015-03-16T05:34:54.353Z,-0.529467,-1.52722,-6.84064
2015-03-16T05:34:57.490Z,-0.548995,-1.70700,-6.78240
2015-03-16T05:35:00.627Z,-0.500878,-1.22063,-6.93811
2015-03-16T05:35:03.764Z,-0.463827,-1.25443,-6.94463
2015-03-16T05:35:06.901Z,-0.397788,-1.16690,-7.02316
2015-03-16T05:35:10.038Z,-0.391344,-1.20688,-6.97544
2015-03-16T05:35:13.175Z,-0.321490,-1.15559,-7.01877
2015-03-16T05:35:16.311Z,-0.307381,-1.34182,-6.95391
2015-03-16T05:35:19.448Z,-0.260535,-1.33814,-6.96832
2015-03-16T05:35:22.585Z,-0.674976,-0.843674,-6.93939
2015-03-16T05:35:25.722Z,-0.591352,-1.07454,-6.92373
2015-03-16T05:35:28.859Z,-0.581756,-1.03262,-6.95579
2015-03-16T05:35:31.996Z,-0.576191,-0.913121,-7.02059
2015-03-16T05:35:35.133Z,-0.433943,-0.806210,-6.98447
2015-03-16T05:35:38.270Z,-0.517661,-0.920013,-6.93562
2015-03-16T05:35:41.407Z,-0.575274,-0.970005,-6.93845
2015-03-16T05:35:44.544Z,-0.674774,-0.848124,-6.91522
2015-03-16T05:35:47.681Z,-0.636582,-0.846499,-6.96815
2015-03-16T05:35:50.818Z,-0.611428,-0.652035,-7.04873
2015-03-16T05:35:53.955Z,-0.543974,-0.808859,-7.00756
2015-03-16T05:35:57.092Z,-0.554288,-0.798348,-7.03347
2015-03-16T05:36:00.229Z,-0.770428,-1.01262,-6.93291
2015-03-16T05:36:03.365Z,-0.654759,-0.685294,-7.03538
2015-03-16T05:36:06.502Z,-0.785640,-0.759228,-6.98174
2015-03-16T05:36:09.639Z,-0.762817,-0.744058,-7.06145
2015-03-16T05:36:12.776Z,-0.568411,-0.575235,-7.07171
2015-03-16T05:36:15.913Z,-0.623986,-0.786160,-7.03507
2015-03-16T05:36:19.050Z,-0.455316,-0.658989,-7.04101
2015-03-16T05:36:22.187Z,-0.419942,-0.819708,-7.03116
2015-03-16T05:36:25.324Z,-0.404699,-0.623621,-7.08931
2015-03-16T05:36:28.461Z,-0.588180,-0.506283,-7.08386
2015-03-16T05:36:31.598Z,-0.633614,-0.273789,-7.15245
2015-03-16T05:36:34.735Z,-0.474062,-0.515501,-7.08503
2015-03-16T05:36:37.872Z,-0.340298,-0.384043,-7.15898
2015-03-16T05:36:41.009Z,-0.609409,-0.429206,-7.05922
2015-03-16T05:36:44.146Z,-0.846062,-0.138310,-7.07875
2015-03-16T05:36:47.283Z,-0.852565,-0.297680,-6.94336
2015-03-16T05:36:50.419Z,-0.845090,-0.129485,-7.05361
2015-03-16T05:36:53.556Z,-0.808230,-0.329370,-6.98483
2015-03-16T05:36:56.693Z,-0.762060,0.0270718,-6.99024
2015-03-16T05:36:59.830Z,-0.844775,-0.130313,-6.89502
2015-03-16T05:37:02.967Z,-0.631567,-0.0819997,-7.06723
2015-03-16T05:37:06.104Z,-0.478495,-0.386327,-7.01714
2015-03-16T05:37:09.241Z,-0.147387,-0.486067,-7.12495
2015-03-16T05:37:12.378Z,0.133639,-0.706059,-7.17727
2015-03-16T05:37:15.515Z,0.0746405,-0.542739,-7.20408
2015-03-16T05:37:18.652Z,0.0557037,-0.565329,-7.17280
2015-03-16T05:37:21.789Z,0.131139,-0.212333,-7.13572
2015-03-16T05:37:24.926Z,-0.0124634,-0.158341,-7.17458
2015-03-16T05:37:28.063Z,-0.0647985,-0.0763309,-7.15613
2015-03-16T05:37:31.200Z,0.0573658,-0.401532,-7.16254
2015-03-16T05:37:34.337Z,0.175995,-0.334744,-7.29236
2015-03-16T05:37:37.473Z,0.0138070,-0.420666,-7.34356
2015-03-16T05:37:40.610Z,0.0133921,-0.177165,-7.26792
2015-03-16T05:37:43.747Z,-0.0447395,-0.157799,-7.23007
2015-03-16T05:37:46.884Z,-0.216463,0.111433,-7.33496
2015-03-16T05:37:50.021Z,-0.147890,-0.128079,-7.26197
2015-03-16T05:37:53.158Z,-0.207372,0.0308260,-7.30135
2015-03-16T05:37:56.295Z,-0.153949,-0.0601043,-7.23472
2015-03-16T05:37:59.432Z,-0.168327,0.0803850,-7.31461
2015-03-16T05:38:02.569Z,-0.187200,-0.0470208,-7.24086
2015-03-16T05:38:05.706Z,-0.0911732,0.118270,-7.34503
2015-03-16T05:38:08.843Z,-0.126537,0.108461,-7.25541
2015-03-16T05:38:11.980Z,-0.555238,0.00468490,-7.29004
2015-03-16T05:38:15.117Z,-0.692402,-0.114943,-7.15509
2015-03-16T05:38:18.254Z,-0.853399,-0.0783615,-7.23523
2015-03-16T05:38:21.391Z,-0.651107,0.0578815,-7.28241
2015-03-16T05:38:24.527Z,-1.01984,-0.200387,-7.26510
2015-03-16T05:38:27.664Z,-1.02727,-0.132349,-7.31133
2015-03-16T05:38:30.801Z,-0.971579,0.0394661,-7.36252
2015-03-16T05:38:33.938Z,-1.06705,0.0837775,-7.30654
2015-03-16T05:38:37.075Z,-0.871974,0.0917269,-7.35079
2015-03-16T05:38:40.212Z,-0.825380,0.0341413,-7.33237
2015-03-16T05:38:43.349Z,-0.872946,0.104262,-7.30144
2015-03-16T05:38:46.486Z,-0.857785,-0.236210,-7.27009
2015-03-16T05:38:49.623Z,-0.788094,-0.0778802,-7.36797
2015-03-16T05:38:52.760Z,-0.502277,0.0274477,-7.31422
2015-03-16T05:38:55.897Z,-0.462852,0.451897,-7.32912
2015-03-16T05:38:59.034Z,-0.571703,0.240385,-7.35241
2015-03-16T05:39:02.171Z,-0.692903,0.221680,-7.36660
2015-03-16T05:39:05.308Z,-0.731222,0.429685,-7.39860
2015-03-16T05:39:08.445Z,-0.756724,0.331179,-7.34888
2015-03-16T05:39:11.581Z,-0.843283,0.417448,-7.36170
2015-03-16T05:39:14.718Z,-0.943541,0.334169,-7.31445
2015-03-16T05:39:17.855Z,-0.593697,-0.219070,-7.27500
2015-03-16T05:39:20.992Z,-0.814416,-0.276737,-7.33669
2015-03-16T05:39:24.129Z,-0.890796,-0.322717,-7.37979
2015-03-16T05:39:27.266Z,-0.983609,0.188705,-7.34380
2015-03-16T05:39:30.403Z,-1.14910,0.459285,-7.39851
2015-03-16T05:39:33.540Z,-1.09322,0.295290,-7.39679
2015-03-16T05:39:36.677Z,-0.734025,0.555974,-7.51353
2015-03-16T05:39:39.814Z,-0.909586,0.545599,-7.67273
2015-03-16T05:39:42.951Z,-0.842261,0.598408,-7.71649
2015-03-16T05:39:46.088Z,-0.967535,0.399676,-7.68144
2015-03-16T05:39:49.225Z,-0.877135,0.571648,-7.68879
2015-03-16T05:39:52.362Z,-0.957572,0.485122,-7.68639
2015-03-16T05:39:55.498Z,-0.989917,0.633213,-7.63538
2015-03-16T05:39:58.635Z,-0.968171,0.508138,-7.62621
2015-03-16T05:40:01.772Z,-0.952696,0.647372,-7.63896
2015-03-16T05:40:04.909Z,-0.952484,0.451039,-7.58980
2015-03-16T05:40:08.046Z,-0.909819,0.645168,-7.56917
2015-03-16T05:40:11.183Z,-0.898183,0.504798,-7.63623
2015-03-16T05:40:14.320Z,-0.783508,0.726545,-7.61111
2015-03-16T05:40:17.457Z,-0.874392,0.571520,-7.54184
2015-03-16T05:40:20.594Z,-0.754796,0.689861,-7.49756
2015-03-16T05:40:23.731Z,-0.897636,0.425755,-7.50671
2015-03-16T05:40:26.868Z,-0.828581,0.692551,-7.54937
2015-03-16T05:40:30.005Z,-0.945284,0.461210,-7.51450
2015-03-16T05:40:33.142Z,-0.996630,0.691528,-7.47467
2015-03-16T05:40:36.279Z,-0.942627,0.447788,-7.33178
2015-03-16T05:40:39.416Z,-0.985082,0.559219,-7.43148
2015-03-16T05:40:42.552Z,-1.19434,0.398672,-7.26523
2015-03-16T05:40:45.689Z,-0.984872,0.384250,-7.30783
2015-03-16T05:40:48.826Z,-1.05215,0.589034,-7.34606
2015-03-16T05:40:51.963Z,-1.06858,0.537724,-7.51117
2015-03-16T05:40:55.100Z,-1.24544,0.903120,-7.90408
2015-03-16T05:40:58.237Z,-1.32039,0.709536,-7.98021
2015-03-16T05:41:01.374Z,-1.17655,1.10059,-8.02416
2015-03-16T05:41:04.511Z,-1.05218,0.683779,-7.91367
2015-03-16T05:41:07.648Z,-0.975699,0.903902,-7.83561
2015-03-16T05:41:10.785Z,-1.10431,0.633549,-7.62261
2015-03-16T05:41:13.922Z,-1.02808,0.813770,-7.43724
2015-03-16T05:41:17.059Z,-1.05495,0.651233,-7.68444
2015-03-16T05:41:20.196Z,-0.871934,0.647594,-7.78070
2015-03-16T05:41:23.333Z,-1.13997,0.721314,-7.84430
2015-03-16T05:41:26.470Z,-1.09740,0.741298,-7.85862
2015-03-16T05:41:29.606Z,-1.03382,0.731373,-7.77278
2015-03-16T05:41:32.743Z,-1.07321,0.777770,-7.79038
2015-03-16T05:41:35.880Z,-1.01811,0.835119,-7.66564
2015-03-16T05:41:39.017Z,-1.03728,0.869383,-7.67976
2015-03-16T05:41:42.154Z,-1.09013,0.850227,-7.52116
2015-03-16T05:41:45.291Z,-0.897899,1.05863,-6.93175
2015-03-16T05:41:48.428Z,-0.899714,0.831345,-6.89709
2015-03-16T05:41:51.565Z,-0.833595,0.985588,-6.82518
2015-03-16T05:41:54.702Z,-0.791348,1.02776,-6.92361
2015-03-16T05:41:57.839Z,-0.797491,1.05039,-6.97232
2015-03-16T05:42:00.976Z,-0.836776,0.726312,-6.97571
2015-03-16T05:42:04.113Z,-0.858752,0.886873,-7.10476
2015-03-16T05:42:07.250Z,-0.985737,0.613634,-7.07457
2015-03-16T05:42:10.387Z,-0.948684,0.579829,-7.08109
2015-03-16T05:42:13.524Z,-0.933822,0.422390,-7.06312
2015-03-16T05:42:16.660Z,-0.775588,0.769703,-7.17991
2015-03-16T05:42:19.797Z,-0.888219,0.718389,-7.19429
2015-03-16T05:42:22.934Z,-0.736510,0.745490,-7.24642
2015-03-16T05:42:26.071Z,-0.695200,1.13257,-7.11681
2015-03-16T05:42:29.208Z,-0.757418,1.17448,-7.01745
2015-03-16T05:42:32.345Z,-1.02116,1.22121,-7.11839
2015-03-16T05:42:35.482Z,-0.837231,1.44902,-7.06627
2015-03-16T05:42:38.619Z,-0.846970,1.19960,-7.14438
2015-03-16T05:42:41.756Z,-1.14587,1.06156,-7.03206
2015-03-16T05:42:44.893Z,-1.52757,0.688738,-7.01218
2015-03-16T05:42:48.030Z,-1.44236,0.763371,-7.00210
2015-03-16T05:42:51.167Z,-1.29814,0.418705,-7.16367
2015-03-16T05:42:54.304Z,-1.07537,0.625441,-7.16573
2015-03-16T05:42:57.441Z,-1.31146,0.0794262,-7.12598
2015-03-16T05:43:00.578Z,-1.06937,1.17485,-7.32642
2015-03-16T05:43:03.714Z,-1.14208,0.805210,-7.37613
2015-03-16T05:43:06.851Z,-1.35946,0.381362,-7.26410
2015-03-16T05:43:09.988Z,-1.69093,-0.149768,-7.35312
2015-03-16T05:43:13.125Z,-1.76149,0.337746,-7.44812
2015-03-16T05:43:16.262Z,-1.73079,0.0744226,-7.23808
2015-03-16T05:43:19.399Z,-1.83445,0.00297786,-7.12983
2015-03-16T05:43:22.536Z,-1.73037,-0.275513,-6.99080
2015-03-16T05:43:25.673Z,-1.34546,0.155009,-6.66496
2015-03-16T05:43:28.810Z,-1.24963,0.367469,-6.64433
2015-03-16T05:43:31.947Z,-0.991118,0.414282,-6.75839
2015-03-16T05:43:35.084Z,-0.953393,0.572337,-6.75317
2015-03-16T05:43:38.221Z,-1.07943,0.691702,-6.74782
2015-03-16T05:43:41.358Z,-1.16355,0.714582,-6.99574
2015-03-16T05:43:44.495Z,-1.19649,0.684115,-6.99225
2015-03-16T05:43:47.632Z,-1.21285,0.592080,-6.89144
2015-03-16T05:43:50.768Z,-1.44176,0.920547,-7.02907
2015-03-16T05:43:53.905Z,-1.14002,0.932902,-7.51436
2015-03-16T05:43:57.042Z,-1.18474,1.13432,-7.45051
2015-03-16T05:44:00.179Z,-1.21483,1.20310,-7.52581
2015-03-16T05:44:03.316Z,-1.13824,1.10616,-7.24734
2015-03-16T05:44:06.453Z,-1.19072,1.23696,-7.38455
2015-03-16T05:44:09.590Z,-1.27341,1.13360,-7.59102
2015-03-16T05:44:12.727Z,-1.44014,1.17324,-7.70876
2015-03-16T05:44:15.864Z,-1.47875,1.01966,-7.77489
2015-03-16T05:44:19.001Z,-1.40496,1.28463,-7.27994
2015-03-16T05:44:22.138Z,-1.66854,1.45411,-7.11726
2015-03-16T05:44:25.275Z,-1.91400,1.70667,-6.93357
2015-03-16T05:44:28.412Z,-1.69830,1.41525,-7.40637
2015-03-16T05:44:31.549Z,-1.20208,0.723052,-7.96694
2015-03-16T05:44:34.686Z,-1.20077,0.827807,-7.93593
2015-03-16T05:44:37.822Z,-1.40909,0.813564,-8.16319
2015-03-16T05:44:40.959Z,-1.40107,0.881355,-8.21841
2015-03-16T05:44:44.096Z,-1.31008,1.23189,-8.17824
2015-03-16T05:44:47.233Z,-1.17564,1.03194,-8.18671
2015-03-16T05:44:50.370Z,-1.41060,1.10871,-8.02367
2015-03-16T05:44:53.507Z,-1.19984,1.10229,-7.88254
2015-03-16T05:44:56.644Z,-0.916247,1.15974,-7.94194
2015-03-16T05:44:59.781Z,-1.23851,1.05352,-7.99114
2015-03-16T05:45:02.918Z,-1.29560,1.30827,-7.91444
2015-03-16T05:45:06.055Z,-1.01066,1.22618,-7.89661
2015-03-16T05:45:09.192Z,-1.03391,1.12314,-7.71251
2015-03-16T05:45:12.329Z,-1.22931,0.997898,-7.74862
2015-03-16T05:45:15.466Z,-0.991425,1.06573,-7.91450
2015-03-16T05:45:18.603Z,-1.23406,1.10654,-7.91382
2015-03-16T05:45:21.740Z,-1.10267,1.19657,-7.71021
2015-03-16T05:45:24.876Z,-1.14225,1.07688,-7.65250
2015-03-16T05:45:28.013Z,-1.08601,1.15898,-7.61142
2015-03-16T05:45:31.150Z,-1.15520,1.14454,-7.50473
2015-03-16T05:45:34.287Z,-1.31725,1.16968,-7.53699
2015-03-16T05:45:37.424Z,-1.36886,1.13516,-7.68401
2015-03-16T05:45:40.561Z,-1.38278,1.16194,-7.67310
2015-03-16T05:45:43.698Z,-1.47058,1.06000,-7.59998
2015-03-16T05:45:46.835Z,-1.36310,1.30362,-7.53844
2015-03-16T05:45:49.972Z,-1.38394,1.00840,-7.54844
2015-03-16T05:45:53.109Z,-1.52781,1.84406,-7.88164
2015-03-16T05:45:56.246Z,-1.59513,1.73784,-8.02408
2015-03-16T05:45:59.383Z,-1.63064,1.91599,-7.84993
2015-03-16T05:46:02.520Z,-1.59111,1.71368,-7.80513
2015-03-16T05:46:05.657Z,-1.52033,2.34401,-7.32531
2015-03-16T05:46:08.794Z,-1.65776,2.36585,-7.26725
2015-03-16T05:46:11.930Z,-1.41151,1.66785,-7.53870
2015-03-16T05:46:15.067Z,-1.24532,0.852220,-8.16332
2015-03-16T05:46:18.204Z,-1.65692,1.84624,-8.10360
2015-03-16T05:46:21.341Z,-1.62496,1.03422,-8.67058
2015-03-16T05:46:24.478Z,-1.44854,1.47732,-8.31425
2015-03-16T05:46:27.615Z,-1.86354,2.27031,-7.54769
2015-03-16T05:46:30.752Z,-1.80364,2.72292,-6.97110
2015-03-16T05:46:33.889Z,-1.81621,2.48167,-7.08589
2015-03-16T05:46:37.026Z,-1.72897,2.41659,-6.83988
2015-03-16T05:46:40.163Z,-1.74546,2.22681,-6.91579
2015-03-16T05:46:43.300Z,-1.83676,2.61213,-6.83832
2015-03-16T05:46:46.437Z,-1.78103,2.26185,-6.75030
2015-03-16T05:46:49.574Z,-1.71305,2.38840,-6.70408
2015-03-16T05:46:52.711Z,-1.56516,1.82635,-7.07321
2015-03-16T05:46:55.847Z,-1.57477,1.83713,-7.30633
2015-03-16T05:46:58.984Z,-1.65405,1.62580,-7.90896
2015-03-16T05:47:02.121Z,-1.56521,1.64243,-7.87724
2015-03-16T05:47:05.258Z,-1.69140,1.89604,-7.72962
2015-03-16T05:47:08.395Z,-1.68270,1.62175,-7.75660
2015-03-16T05:47:11.532Z,-1.63404,1.34014,-7.71469
2015-03-16T05:47:14.669Z,-1.68501,1.17579,-7.99143
2015-03-16T05:47:17.806Z,-1.60897,1.16857,-7.80524
2015-03-16T05:47:20.943Z,-1.67501,1.01694,-7.95016
2015-03-16T05:47:24.080Z,-1.48406,1.19598,-7.61896
2015-03-16T05:47:27.217Z,-1.31483,0.571704,-7.26769
2015-03-16T05:47:30.354Z,-1.26388,0.596574,-6.98720
2015-03-16T05:47:33.491Z,-1.20846,0.546280,-7.07628
2015-03-16T05:47:36.628Z,-1.16209,0.524180,-7.17774
2015-03-16T05:47:39.765Z,-1.34924,0.324417,-7.52159
2015-03-16T05:47:42.902Z,-1.32311,0.399913,-7.32860
2015-03-16T05:47:46.038Z,-1.39621,0.0925694,-7.24044
2015-03-16T05:47:49.175Z,-1.15776,0.263576,-7.13161
2015-03-16T05:47:52.312Z,-1.23847,-0.0236948,-7.09261
2015-03-16T05:47:55.449Z,-1.17080,0.0823126,-7.27947
2015-03-16T05:47:58.586Z,-1.17023,0.0572959,-7.45164
2015-03-16T05:48:01.723Z,-1.25994,0.450880,-8.00767
2015-03-16T05:48:04.860Z,-1.06294,0.604675,-7.55476
2015-03-16T05:48:07.997Z,-1.06134,0.611861,-7.21243
2015-03-16T05:48:11.134Z,-1.09238,0.320088,-7.15116
2015-03-16T05:48:14.271Z,-1.13251,0.258077,-7.29746
2015-03-16T05:48:17.408Z,-1.34702,0.521440,-7.58241
2015-03-16T05:48:20.545Z,-1.57675,1.56186,-7.27460
2015-03-16T05:48:23.682Z,-1.40789,2.61438,-6.38285
2015-03-16T05:48:26.819Z,-1.37322,2.84815,-6.42248
2015-03-16T05:48:29.956Z,-1.45846,2.25924,-7.00040
2015-03-16T05:48:33.092Z,-1.28625,2.06950,-6.86619
2015-03-16T05:48:36.229Z,-1.38000,2.03956,-5.93607
2015-03-16T05:48:39.366Z,-1.96712,3.05727,-5.50896
2015-03-16T05:48:42.503Z,-1.04879,2.20971,-6.36908
2015-03-16T05:48:45.640Z,-1.11387,1.34008,-6.65481
2015-03-16T05:48:48.777Z,-1.01287,0.387698,-7.70383
2015-03-16T05:48:51.914Z,-1.23310,0.708142,-8.32807
2015-03-16T05:48:55.051Z,-1.07017,0.251424,-7.84599
2015-03-16T05:48:58.188Z,-1.13500,0.639123,-7.75067
2015-03-16T05:49:01.325Z,-1.07727,0.500850,-7.58842
2015-03-16T05:49:04.462Z,-1.15836,1.09805,-8.30111
2015-03-16T05:49:07.599Z,-1.26886,0.707218,-8.28679
2015-03-16T05:49:10.736Z,-1.05238,0.847296,-7.58668
2015-03-16T05:49:13.873Z,-1.25028,0.558490,-8.09674
2015-03-16T05:49:17.009Z,-1.22757,0.795377,-7.32137
2015-03-16T05:49:20.146Z,-1.05506,0.572472,-6.89635
2015-03-16T05:49:23.283Z,-0.988998,0.820848,-6.90415
2015-03-16T05:49:26.420Z,-1.12792,0.871014,-6.82029
2015-03-16T05:49:29.557Z,-1.11269,0.948984,-6.80020
2015-03-16T05:49:32.694Z,-1.25763,0.780102,-6.79183
2015-03-16T05:49:35.831Z,-1.20572,1.14416,-6.72240
2015-03-16T05:49:38.968Z,-1.20275,0.851572,-6.86146
2015-03-16T05:49:42.105Z,-0.979407,1.00124,-7.14741
2015-03-16T05:49:45.242Z,-0.880729,0.789699,-7.15184
2015-03-16T05:49:48.379Z,-0.781570,1.11651,-7.16020
2015-03-16T05:49:51.516Z,-1.18479,1.36722,-7.04610
2015-03-16T05:49:54.653Z,-1.28571,1.70110,-7.01035
2015-03-16T05:49:57.790Z,-1.10454,1.28766,-6.97320
2015-03-16T05:50:00.927Z,-1.11764,1.47889,-6.72040
2015-03-16T05:50:04.063Z,-1.11029,1.37618,-6.71288
2015-03-16T05:50:07.200Z,-1.23714,1.49165,-6.63475
2015-03-16T05:50:10.337Z,-1.21824,1.31036,-6.64177
2015-03-16T05:50:13.474Z,-1.36241,1.35732,-6.62019
2015-03-16T05:50:16.611Z,-1.22205,1.17023,-6.69983
2015-03-16T05:50:19.748Z,-1.01219,1.40251,-7.19098
2015-03-16T05:50:22.885Z,-1.05869,1.40929,-7.46862
2015-03-16T05:50:26.022Z,-1.16073,1.37769,-7.39421
2015-03-16T05:50:29.159Z,-1.16738,1.28847,-7.34000
2015-03-16T05:50:32.296Z,-1.15374,1.10367,-7.16536
2015-03-16T05:50:35.433Z,-0.995046,1.31592,-7.26583
2015-03-16T05:50:38.570Z,-1.18441,1.62428,-7.21346
2015-03-16T05:50:41.707Z,-1.25149,1.69683,-6.97909
2015-03-16T05:50:44.844Z,-0.923740,1.47105,-7.30258
2015-03-16T05:50:47.981Z,-0.893729,1.43200,-7.28649
2015-03-16T05:50:51.117Z,-0.805946,1.39446,-7.35585
2015-03-16T05:50:54.254Z,-0.730374,1.40449,-7.35169
2015-03-16T05:50:57.391Z,-0.722207,1.41281,-7.28849
2015-03-16T05:51:00.528Z,-0.978194,1.42304,-7.31683
2015-03-16T05:51:03.665Z,-0.676514,1.50871,-7.38296
2015-03-16T05:51:06.802Z,-0.609926,1.49584,-7.40645
2015-03-16T05:51:09.939Z,-0.942182,1.70931,-7.42620
2015-03-16T05:51:13.076Z,-0.775856,1.62483,-7.29905
2015-03-16T05:51:16.213Z,-0.860865,1.79601,-7.26983
2015-03-16T05:51:19.350Z,-1.01582,1.43912,-7.28711
2015-03-16T05:51:22.487Z,-1.18723,1.64313,-7.21291
2015-03-16T05:51:25.624Z,-1.10144,1.24457,-7.30452
2015-03-16T05:51:28.761Z,-0.990582,1.31551,-7.37471
2015-03-16T05:51:31.898Z,-1.00215,1.43683,-7.21121
2015-03-16T05:51:35.035Z,-0.919428,1.58353,-7.34368
2015-03-16T05:51:38.171Z,-1.11389,1.17777,-7.62832
2015-03-16T05:51:41.308Z,-1.22734,1.52800,-7.78936
2015-03-16T05:51:44.445Z,-1.16492,1.37522,-7.54162
2015-03-16T05:51:47.582Z,-1.08974,1.47990,-7.53182
2015-03-16T05:51:50.719Z,-1.10603,1.47595,-7.20610
2015-03-16T05:51:53.856Z,-1.07349,1.64380,-7.05498
2015-03-16T05:51:56.993Z,-1.27093,1.76510,-6.95462
2015-03-16T05:52:00.130Z,-1.35296,1.82124,-7.01712
2015-03-16T05:52:03.267Z,-1.07393,1.41645,-6.94684
2015-03-16T05:52:06.404Z,-1.06535,1.41619,-7.07925
2015-03-16T05:52:09.541Z,-1.11639,1.43143,-7.13776
2015-03-16T05:52:12.678Z,-1.10993,1.32252,-7.22839
2015-03-16T05:52:15.815Z,-1.09258,1.59491,-7.19610
2015-03-16T05:52:18.952Z,-1.28797,1.69460,-6.93804
2015-03-16T05:52:22.089Z,-1.03882,1.67484,-6.98489
2015-03-16T05:52:25.225Z,-1.16139,1.47484,-6.88835
2015-03-16T05:52:28.362Z,-1.10114,1.77737,-6.91849
2015-03-16T05:52:31.499Z,-1.13321,1.59227,-6.88758
2015-03-16T05:52:34.636Z,-0.984431,1.78217,-6.84508
2015-03-16T05:52:37.773Z,-0.896245,1.59466,-6.45989
2015-03-16T05:52:40.910Z,-0.950372,1.70339,-6.50119
2015-03-16T05:52:44.047Z,-1.05615,1.78548,-6.33530
2015-03-16T05:52:47.184Z,-1.09862,2.20891,-6.24536
2015-03-16T05:52:50.321Z,-1.20819,2.09257,-6.17764
2015-03-16T05:52:53.458Z,-1.08558,2.36881,-6.17198
2015-03-16T05:52:56.595Z,-1.02767,2.11795,-6.32146
2015-03-16T05:52:59.732Z,-0.860099,1.85842,-6.48520
2015-03-16T05:53:02.869Z,-1.03295,2.15718,-5.99083
2015-03-16T05:53:06.006Z,-0.924817,2.41044,-6.06276
2015-03-16T05:53:09.143Z,-0.970455,2.29464,-6.20126
2015-03-16T05:53:12.279Z,-0.904145,2.60428,-6.24191
2015-03-16T05:53:15.416Z,-1.05927,2.59828,-6.99431
2015-03-16T05:53:18.553Z,-1.00294,2.62958,-7.21245
2015-03-16T05:53:21.690Z,-1.09504,2.60804,-6.91579
2015-03-16T05:53:24.827Z,-1.14887,2.88906,-7.09300
2015-03-16T05:53:27.964Z,-1.16653,2.63885,-7.20939
2015-03-16T05:53:31.101Z,-1.00583,2.72120,-7.36609
2015-03-16T05:53:34.238Z,-0.948932,2.35379,-7.18128
2015-03-16T05:53:37.375Z,-1.03363,2.90357,-7.38526
2015-03-16T05:53:40.512Z,-1.07446,2.62773,-7.12989
2015-03-16T05:53:43.649Z,-1.04082,2.69123,-6.77748
2015-03-16T05:53:46.786Z,-0.866354,2.84899,-6.91455
2015-03-16T05:53:49.923Z,-0.984962,2.90032,-6.86298
2015-03-16T05:53:53.060Z,-1.09301,3.15156,-6.99229
2015-03-16T05:53:56.197Z,-1.16724,3.47153,-6.91523
2015-03-16T05:53:59.333Z,-1.11436,3.31048,-6.80416
2015-03-16T05:54:02.470Z,-1.21688,3.79772,-6.79607
2015-03-16T05:54:05.607Z,-1.54255,4.22659,-6.83802
2015-03-16T05:54:08.744Z,-1.66470,4.31717,-6.95559
2015-03-16T05:54:11.881Z,-1.63637,4.38612,-7.04310
2015-03-16T05:54:15.018Z,-1.70417,4.30753,-7.08639
2015-03-16T05:54:18.155Z,-1.76628,4.44881,-7.21278
2015-03-16T05:54:21.292Z,-1.79431,4.15409,-7.26083
2015-03-16T05:54:24.429Z,-1.85239,4.21780,-7.35448
2015-03-16T05:54:27.566Z,-1.78105,4.03219,-7.43622
2015-03-16T05:54:30.703Z,-1.70175,4.06192,-7.46669
2015-03-16T05:54:33.840Z,-1.61196,3.89449,-7.59228
2015-03-16T05:54:36.977Z,-1.53009,3.83341,-7.62770
2015-03-16T05:54:40.114Z,-1.57351,3.41275,-7.69878
2015-03-16T05:54:43.250Z,-1.49582,3.54212,-7.69916
2015-03-16T05:54:46.387Z,-1.61556,3.53666,-7.67566
2015-03-16T05:54:49.524Z,-1.46347,3.39403,-7.75017
2015-03-16T05:54:52.661Z,-1.59759,3.52905,-7.80656
2015-03-16T05:54:55.798Z,-1.59816,2.96671,-7.80408
2015-03-16T05:54:58.935Z,-1.55511,2.95906,-7.91756
2015-03-16T05:55:02.072Z,-1.66518,2.69882,-7.85865
2015-03-16T05:55:05.209Z,-1.62450,2.37470,-7.91856
2015-03-16T05:55:08.346Z,-1.66382,1.95056,-8.02559
2015-03-16T05:55:11.483Z,-1.99197,2.36658,-7.93465
2015-03-16T05:55:14.620Z,-1.79545,2.31269,-7.95794
2015-03-16T05:55:17.757Z,-1.81628,2.97907,-7.80001
2015-03-16T05:55:20.894Z,-1.86953,2.99017,-7.61526
2015-03-16T05:55:24.031Z,-1.75463,2.96218,-7.72719
2015-03-16T05:55:27.168Z,-1.69785,2.97592,-7.51935
2015-03-16T05:55:30.304Z,-1.63978,1.61939,-7.68685
2015-03-16T05:55:33.441Z,-1.35441,2.23475,-7.19981
2015-03-16T05:55:36.578Z,-1.74984,1.53068,-7.51998
2015-03-16T05:55:39.715Z,-1.70224,1.79293,-7.37222
2015-03-16T05:55:42.852Z,-1.62362,1.63081,-7.41442
2015-03-16T05:55:45.989Z,-1.71492,1.98626,-7.27778
2015-03-16T05:55:49.126Z,-1.39470,2.59516,-7.01564
2015-03-16T05:55:52.263Z,-1.36460,2.66586,-6.94410
2015-03-16T05:55:55.400Z,-1.60035,2.73903,-6.95222
2015-03-16T05:55:58.537Z,-1.38217,3.16647,-6.89310
2015-03-16T05:56:01.674Z,-1.12187,2.12578,-6.88957
2015-03-16T05:56:04.811Z,-1.61486,0.0443394,-7.36214
2015-03-16T05:56:07.948Z,-1.80165,-1.21284,-7.96501
2015-03-16T05:56:11.085Z,-1.96811,-0.993828,-8.19384
2015-03-16T05:56:14.222Z,-1.95573,-1.06852,-8.28117
2015-03-16T05:56:17.358Z,-1.86613,-0.878781,-8.38520
2015-03-16T05:56:20.495Z,-1.85566,-1.17269,-8.32760
2015-03-16T05:56:23.632Z,-1.86976,-0.852834,-8.51857
2015-03-16T05:56:26.769Z,-2.04697,-1.02117,-8.56569
2015-03-16T05:56:29.906Z,-1.80950,-1.01984,-8.55271
2015-03-16T05:56:33.043Z,-1.92279,-1.10216,-8.50810
2015-03-16T05:56:36.180Z,-1.84219,-0.967674,-8.50757
2015-03-16T05:56:39.317Z,-1.88361,-0.952233,-8.53967
2015-03-16T05:56:42.454Z,-1.86754,-0.634439,-8.50491
2015-03-16T05:56:45.591Z,-1.86570,-0.833662,-8.63855
2015-03-16T05:56:48.728Z,-2.06676,-0.963914,-8.82252
2015-03-16T05:56:51.865Z,-2.21865,-1.22119,-8.91852
2015-03-16T05:56:55.002Z,-2.05413,-0.977347,-8.94268
2015-03-16T05:56:58.139Z,-2.09640,-1.18036,-8.91497
2015-03-16T05:57:01.276Z,-2.26267,-1.23306,-8.86742
2015-03-16T05:57:04.412Z,-2.23404,-1.34713,-8.94154
2015-03-16T05:57:07.549Z,-2.11328,-1.05388,-8.94744
2015-03-16T05:57:10.686Z,-2.14315,-1.19212,-9.01082
2015-03-16T05:57:13.823Z,-2.08479,-0.872868,-8.80857
2015-03-16T05:57:16.960Z,-1.92333,-1.02315,-8.63762
2015-03-16T05:57:20.097Z,-1.90142,-0.598367,-8.75376
2015-03-16T05:57:23.234Z,-1.88972,-0.822189,-8.70386
2015-03-16T05:57:26.371Z,-1.87008,-0.510997,-8.87613
2015-03-16T05:57:29.508Z,-1.92658,-0.622310,-8.77265
2015-03-16T05:57:32.645Z,-1.77391,-0.522282,-8.57620
2015-03-16T05:57:35.782Z,-1.81022,-0.444169,-8.66443
2015-03-16T05:57:38.919Z,-1.88911,-0.482788,-8.58562
2015-03-16T05:57:42.056Z,-1.81577,-0.734186,-8.50014
2015-03-16T05:57:45.193Z,-1.71243,-0.576462,-8.46907
2015-03-16T05:57:48.330Z,-1.81600,-0.655971,-8.47107
2015-03-16T05:57:51.466Z,-1.68276,-0.829260,-8.62455
2015-03-16T05:57:54.603Z,-1.68663,-0.682361,-8.57988
2015-03-16T05:57:57.740Z,-1.75307,-0.761008,-8.54969
2015-03-16T05:58:00.877Z,-1.72273,-0.779212,-8.54447
2015-03-16T05:58:04.014Z,-1.70890,-0.819298,-8.51961
2015-03-16T05:58:07.151Z,-1.64666,-0.689683,-8.51100
2015-03-16T05:58:10.288Z,-1.67345,-0.774831,-8.57053
2015-03-16T05:58:13.425Z,-1.64147,-0.592346,-8.52843
2015-03-16T05:58:16.562Z,-1.69788,-0.711727,-8.53521
2015-03-16T05:58:19.699Z,-1.64611,-0.811454,-8.53045
2015-03-16T05:58:22.836Z,-1.55169,-0.631582,-8.20713
2015-03-16T05:58:25.973Z,-1.75029,-0.962690,-8.20755
2015-03-16T05:58:29.110Z,-1.85242,-1.18980,-8.24257
2015-03-16T05:58:32.247Z,-2.03548,-0.984604,-8.34151
2015-03-16T05:58:35.384Z,-2.02205,-1.01580,-8.36499
2015-03-16T05:58:38.520Z,-1.93615,-1.13309,-8.29318
2015-03-16T05:58:41.657Z,-2.14480,-1.03969,-8.30663
2015-03-16T05:58:44.794Z,-2.13211,-1.11520,-8.23536
2015-03-16T05:58:47.931Z,-2.02218,-1.28670,-8.24721
2015-03-16T05:58:51.068Z,-2.18987,-1.57557,-8.11665
2015-03-16T05:58:54.205Z,-2.13901,-1.26568,-8.14831
2015-03-16T05:58:57.342Z,-2.14106,-1.41475,-8.08456
2015-03-16T05:59:00.479Z,-2.08205,-1.26807,-8.16098
2015-03-16T05:59:03.616Z,-1.56982,-1.93130,-7.32580
2015-03-16T05:59:06.753Z,-1.45720,-2.29640,-6.88525
2015-03-16T05:59:09.890Z,-1.47018,-2.20838,-6.87044
2015-03-16T05:59:13.027Z,-1.75017,-1.78022,-6.97611
2015-03-16T05:59:16.164Z,-1.70697,-2.01786,-6.87168
2015-03-16T05:59:19.301Z,-1.53299,-1.83246,-6.90960
2015-03-16T05:59:22.438Z,-1.67621,-1.90547,-6.82188
2015-03-16T05:59:25.574Z,-1.74038,-1.70001,-6.83503
2015-03-16T05:59:28.711Z,-1.77840,-1.67504,-6.85365
2015-03-16T05:59:31.848Z,-1.79239,-1.70428,-6.95592
2015-03-16T05:59:34.985Z,-1.64596,-1.78782,-6.95484
2015-03-16T05:59:38.122Z,-1.86213,-1.61832,-6.90427
2015-03-16T05:59:41.259Z,-1.87842,-1.85790,-6.90995
2015-03-16T05:59:44.396Z,-1.75171,-1.80677,-6.97803
2015-03-16T05:59:47.533Z,-1.75568,-1.83402,-6.96831
2015-03-16T05:59:50.670Z,-1.74312,-1.69991,-6.98198
2015-03-16T05:59:53.807Z,-1.59448,-1.91778,-7.01296
2015-03-16T05:59:56.944Z,-1.69762,-2.07995,-7.01986
2015-03-16T06:00:00.081Z,-1.64163,-2.04843,-6.90870
2015-03-16T06:00:03.218Z,-1.72501,-2.06630,-6.85397
2015-03-16T06:00:06.355Z,-1.76008,-1.17031,-7.40484
2015-03-16T06:00:09.491Z,-1.54993,-0.992875,-7.43570
2015-03-16T06:00:12.628Z,-1.48531,-1.14152,-7.43122
2015-03-16T06:00:15.765Z,-1.46107,-1.37070,-7.39122
2015-03-16T06:00:18.902Z,-1.53981,-1.64998,-7.13176
2015-03-16T06:00:22.039Z,-1.46479,-1.94499,-6.96317
2015-03-16T06:00:25.176Z,-1.33758,-1.55808,-7.04745
2015-03-16T06:00:28.313Z,-1.26570,-1.63084,-7.02467
2015-03-16T06:00:31.450Z,-1.21974,-1.60132,-7.02551
2015-03-16T06:00:34.587Z,-1.55757,-1.96649,-6.70325
2015-03-16T06:00:37.724Z,-1.50831,-1.62107,-6.92827
2015-03-16T06:00:40.861Z,-1.50722,-1.65135,-6.91767
2015-03-16T06:00:43.998Z,-1.27277,-1.45518,-6.82035
2015-03-16T06:00:47.135Z,-1.49644,-1.94608,-6.70147
2015-03-16T06:00:50.272Z,-1.55171,-1.98730,-6.60570
2015-03-16T06:00:53.409Z,-1.53017,-2.10793,-6.62070
2015-03-16T06:00:56.545Z,-1.32340,-1.67277,-6.91725
2015-03-16T06:00:59.682Z,-1.40716,-1.54227,-6.91462
2015-03-16T06:01:02.819Z,-1.59081,-1.66478,-6.88711
2015-03-16T06:01:05.956Z,-1.66302,-1.64523,-6.76680
2015-03-16T06:01:09.093Z,-1.73049,-1.62789,-6.80421
2015-03-16T06:01:12.230Z,-1.64399,-1.75850,-6.65989
2015-03-16T06:01:15.367Z,-1.70356,-1.61289,-6.66351
2015-03-16T06:01:18.504Z,-0.949625,-1.31070,-6.56128
2015-03-16T06:01:21.641Z,-1.12236,-1.28653,-6.53483
2015-03-16T06:01:24.778Z,-1.04146,-1.33507,-6.52091
2015-03-16T06:01:27.915Z,-0.898554,-1.21852,-6.61826
2015-03-16T06:01:31.052Z,-0.797882,-1.33601,-6.59218
2015-03-16T06:01:34.189Z,-1.06625,-1.33686,-6.58717
2015-03-16T06:01:37.326Z,-0.980255,-1.63273,-6.52614
2015-03-16T06:01:40.463Z,-1.03504,-1.16765,-6.54604
2015-03-16T06:01:43.599Z,-0.882731,-1.57071,-6.79482
2015-03-16T06:01:46.736Z,-0.723910,-1.54673,-6.73587
2015-03-16T06:01:49.873Z,-0.647439,-1.63661,-6.55459
2015-03-16T06:01:53.010Z,-0.928193,-1.39224,-6.56174
2015-03-16T06:01:56.147Z,-0.909358,-1.54380,-6.62797
2015-03-16T06:01:59.284Z,-0.828067,-1.43070,-6.66518
2015-03-16T06:02:02.421Z,-0.646525,-1.56570,-6.72089
2015-03-16T06:02:05.558Z,-0.308127,-1.48697,-6.84077
2015-03-16T06:02:08.695Z,-0.349122,-1.68782,-6.75167
2015-03-16T06:02:11.832Z,-0.538522,-1.44486,-6.88625
2015-03-16T06:02:14.969Z,-0.752624,-1.33955,-6.94891
2015-03-16T06:02:18.106Z,-0.941380,-1.48199,-6.71630
2015-03-16T06:02:21.243Z,-1.46306,-1.27146,-6.54394
2015-03-16T06:02:24.380Z,-2.01437,-1.27738,-6.46404
2015-03-16T06:02:27.517Z,-1.92713,-1.19316,-6.51396
2015-03-16T06:02:30.653Z,-1.80449,-1.34342,-6.60726
2015-03-16T06:02:33.790Z,-1.75094,-1.31261,-6.48445
2015-03-16T06:02:36.927Z,-1.92952,-1.43816,-6.45607
2015-03-16T06:02:40.064Z,-2.07471,-1.14505,-6.46862
2015-03-16T06:02:43.201Z,-1.57236,-1.53980,-6.55855
2015-03-16T06:02:46.338Z,-1.75752,-1.54938,-6.53673
2015-03-16T06:02:49.475Z,-1.68035,-1.70338,-6.54215
2015-03-16T06:02:52.612Z,-1.65534,-1.56656,-6.45548
2015-03-16T06:02:55.749Z,-1.58396,-1.49457,-6.61922
2015-03-16T06:02:58.886Z,-1.31279,-1.34309,-6.93170
2015-03-16T06:03:02.023Z,-1.21437,-1.43469,-6.96551
2015-03-16T06:03:05.160Z,-1.09545,-1.50821,-6.93297
2015-03-16T06:03:08.297Z,-1.02375,-1.96029,-6.88436
2015-03-16T06:03:11.434Z,-1.11171,-1.46883,-6.94618
2015-03-16T06:03:14.571Z,-1.14392,-1.57310,-6.95919
2015-03-16T06:03:17.707Z,-1.23736,-1.51920,-6.96321
2015-03-16T06:03:20.844Z,-1.16250,-2.01132,-6.62360
2015-03-16T06:03:23.981Z,-1.47617,-2.15982,-6.50278
2015-03-16T06:03:27.118Z,-1.25031,-2.46599,-6.59619
2015-03-16T06:03:30.255Z,-1.21868,-2.16618,-6.51048
2015-03-16T06:03:33.392Z,-1.23414,-2.14457,-6.42701
2015-03-16T06:03:36.529Z,-1.32823,-1.61979,-6.50029
2015-03-16T06:03:39.666Z,-1.32438,-1.90617,-6.54120
2015-03-16T06:03:42.803Z,-1.23899,-1.66546,-6.60644
2015-03-16T06:03:45.940Z,-1.49414,-1.65033,-6.50013
2015-03-16T06:03:49.077Z,-1.85604,-1.41868,-6.48837
2015-03-16T06:03:52.214Z,-1.57424,-1.61956,-6.41737
2015-03-16T06:03:55.351Z,-1.65510,-1.12154,-6.53831
2015-03-16T06:03:58.488Z,-1.67835,-1.26730,-6.50317
2015-03-16T06:04:01.625Z,-1.75323,-1.04245,-6.59058
2015-03-16T06:04:04.761Z,-1.82475,-1.08702,-6.65698
2015-03-16T06:04:07.898Z,-1.95212,-0.667271,-6.65816
2015-03-16T06:04:11.035Z,-2.01751,-0.659686,-6.41516
2015-03-16T06:04:14.172Z,-1.93794,-0.952466,-6.42847
2015-03-16T06:04:17.309Z,-2.04530,-0.850408,-6.34709
2015-03-16T06:04:20.446Z,-2.20101,-0.681828,-6.40596
2015-03-16T06:04:23.583Z,-2.18938,-0.800835,-6.39853
2015-03-16T06:04:26.720Z,-2.07909,-0.736928,-6.40827
2015-03-16T06:04:29.857Z,-2.10865,-0.918709,-6.46201
2015-03-16T06:04:32.994Z,-2.31825,-0.651922,-6.35539
2015-03-16T06:04:36.131Z,-2.19406,-0.775650,-6.44677
2015-03-16T06:04:39.268Z,-2.09379,-0.531528,-6.42332
2015-03-16T06:04:42.405Z,-2.19210,-0.618514,-6.40027
2015-03-16T06:04:45.542Z,-2.20957,-0.467009,-6.26057
2015-03-16T06:04:48.679Z,-2.41927,-0.417104,-6.33786
2015-03-16T06:04:51.815Z,-2.72472,0.0423632,-6.22738
2015-03-16T06:04:54.952Z,-2.92313,-0.0799306,-6.15415
2015-03-16T06:04:58.089Z,-2.57183,-0.118040,-6.20521
2015-03-16T06:05:01.226Z,-2.42829,-0.611838,-6.22953
2015-03-16T06:05:04.363Z,-2.31377,-0.459422,-6.28184
2015-03-16T06:05:07.500Z,-2.30788,-0.596735,-6.38649
2015-03-16T06:05:10.637Z,-0.583718,-2.78483,-6.15934
2015-03-16T06:05:13.774Z,0.0160775,-2.65554,-6.30707
2015-03-16T06:05:16.911Z,0.107104,-2.56440,-5.47749
2015-03-16T06:05:20.048Z,0.878602,-5.18389,-2.68155
2015-03-16T06:05:23.185Z,0.848769,-4.78759,-3.24934
2015-03-16T06:05:26.322Z,0.482226,-4.47718,-4.28286
2015-03-16T06:05:29.459Z,-0.184527,-3.62930,-4.88293
2015-03-16T06:05:32.596Z,0.487886,-3.14916,-5.36027
2015-03-16T06:05:35.732Z,0.597113,-3.08601,-5.28489
2015-03-16T06:05:38.869Z,0.586619,-3.53988,-4.88756
2015-03-16T06:05:42.006Z,-0.991500,-3.44139,-4.91779
2015-03-16T06:05:45.143Z,0.349704,-3.87581,-4.27413
2015-03-16T06:05:48.280Z,0.816204,-3.91068,-4.16680
2015-03-16T06:05:51.417Z,-0.340261,-3.42384,-4.91517
2015-03-16T06:05:54.554Z,-0.0413140,-3.34305,-4.92116
2015-03-16T06:05:57.691Z,0.691096,-3.82725,-4.70017
2015-03-16T06:06:00.828Z,0.232955,-3.60730,-4.78238
2015-03-16T06:06:03.965Z,0.0770441,-3.60479,-4.76593
2015-03-16T06:06:07.102Z,0.176519,-3.82342,-4.63642
2015-03-16T06:06:10.239Z,-1.35574,-3.47868,-4.94718
2015-03-16T06:06:13.376Z,-1.46770,-2.84086,-5.51749
2015-03-16T06:06:16.513Z,-1.13660,-3.12282,-5.77048
2015-03-16T06:06:19.650Z,-2.70876,0.709244,-6.28134
2015-03-16T06:06:22.786Z,-3.24511,1.26466,-6.12781
2015-03-16T06:06:25.923Z,-3.55898,1.64385,-6.08493
2015-03-16T06:06:29.060Z,-4.30963,2.07484,-5.44685
2015-03-16T06:06:32.197Z,-3.68891,1.79201,-5.95668
2015-03-16T06:06:35.334Z,-2.19875,-1.45596,-6.58645
2015-03-16T06:06:38.471Z,-3.06889,0.0132228,-6.28869
2015-03-16T06:06:41.608Z,-3.13993,-0.00556882,-6.26804
2015-03-16T06:06:44.745Z,-2.21810,0.666082,-6.66962
2015-03-16T06:06:47.882Z,-2.50727,0.659659,-6.64489
2015-03-16T06:06:51.019Z,-2.90645,2.11495,-6.27420
2015-03-16T06:06:54.156Z,-3.36916,2.40603,-6.81660
2015-03-16T06:06:57.293Z,-4.23767,3.84950,-7.67891
2015-03-16T06:07:00.430Z,-4.18717,3.69412,-7.86075
2015-03-16T06:07:03.567Z,-4.16679,3.58556,-7.70448
2015-03-16T06:07:06.704Z,-4.20458,3.23315,-7.73365
2015-03-16T06:07:09.840Z,-4.04997,3.23302,-7.65264
2015-03-16T06:07:12.977Z,-4.06791,2.69630,-7.78640
2015-03-16T06:07:16.114Z,-4.00187,2.99810,-7.60802
2015-03-16T06:07:19.251Z,-4.14154,2.84311,-7.50012
2015-03-16T06:07:22.388Z,-3.93910,3.14484,-7.13473
2015-03-16T06:07:25.525Z,-3.96066,2.94479,-7.05372
2015-03-16T06:07:28.662Z,-3.79880,3.36588,-6.68958
2015-03-16T06:07:31.799Z,-3.76037,2.92331,-6.65952
2015-03-16T06:07:34.936Z,-3.72480,2.56525,-6.80792
2015-03-16T06:07:38.073Z,-3.67420,2.27993,-6.79022
2015-03-16T06:07:41.210Z,-3.65832,2.36754,-6.90360
2015-03-16T06:07:44.347Z,-3.67307,2.15450,-6.90735
2015-03-16T06:07:47.484Z,-3.70848,2.41036,-6.78949
2015-03-16T06:07:50.621Z,-3.68488,2.28965,-6.69427
2015-03-16T06:07:53.758Z,-3.73857,2.48983,-6.82755
2015-03-16T06:07:56.894Z,-3.71444,2.63112,-6.80179
2015-03-16T06:08:00.031Z,-3.64199,2.41625,-6.66549
2015-03-16T06:08:03.168Z,-3.59685,2.35610,-6.64751
2015-03-16T06:08:06.305Z,-3.63290,2.73112,-6.43719
2015-03-16T06:08:09.442Z,-3.49659,2.83557,-6.04871
2015-03-16T06:08:12.579Z,-3.54474,2.57726,-6.34273
2015-03-16T06:08:15.716Z,-3.71142,2.32986,-6.56320
2015-03-16T06:08:18.853Z,-3.56418,2.16445,-6.68888
2015-03-16T06:08:21.990Z,-3.83844,2.52588,-6.28507
2015-03-16T06:08:25.127Z,-3.35779,3.14490,-5.94010
2015-03-16T06:08:28.264Z,-3.52196,3.27565,-5.67366
2015-03-16T06:08:31.401Z,-3.63647,3.25174,-5.41841
2015-03-16T06:08:34.538Z,-3.45766,3.36317,-5.25242
2015-03-16T06:08:37.675Z,-3.60369,3.11729,-5.26112
2015-03-16T06:08:40.812Z,-3.45297,3.28456,-5.39037
2015-03-16T06:08:43.948Z,-3.38882,3.19590,-5.41896
2015-03-16T06:08:47.085Z,-3.43351,3.92232,-4.75006
2015-03-16T06:08:50.222Z,-3.25470,2.20553,-5.73141
2015-03-16T06:08:53.359Z,-3.21417,1.67131,-5.70645
2015-03-16T06:08:56.496Z,-3.56112,3.43789,-4.39119
2015-03-16T06:08:59.633Z,-1.35343,-2.70115,-5.26564
2015-03-16T06:09:02.770Z,-1.40239,-3.97719,-5.42614
2015-03-16T06:09:05.907Z,-1.30855,-3.21320,-5.49460
2015-03-16T06:09:09.044Z,-0.311101,-4.93660,-4.62232
2015-03-16T06:09:12.181Z,0.482983,-4.94403,-3.38379
2015-03-16T06:09:15.318Z,1.13385,-5.64533,-3.24170
2015-03-16T06:09:18.455Z,1.46836,-8.97224,-3.55598
2015-03-16T06:09:21.592Z,2.22821,-10.6633,-2.10915
2015-03-16T06:09:24.729Z,2.23172,-11.0456,-2.15591
2015-03-16T06:09:27.866Z,2.06346,-10.9144,-2.35383
2015-03-16T06:09:31.002Z,1.75973,-10.9250,-2.25921
2015-03-16T06:09:34.139Z,1.83218,-11.1506,-2.16015
2015-03-16T06:09:37.276Z,2.07347,-11.0519,-2.23807
2015-03-16T06:09:40.413Z,1.94595,-11.0852,-2.26666
2015-03-16T06:09:43.550Z,1.89579,-11.0638,-2.22702
2015-03-16T06:09:46.687Z,2.24870,-10.7545,-3.52539
2015-03-16T06:09:49.824Z,2.02014,-10.3942,-3.88063
2015-03-16T06:09:52.961Z,1.76392,-10.1787,-4.57973
2015-03-16T06:09:56.098Z,2.16933,-9.82728,-4.73015
2015-03-16T06:09:59.235Z,1.48416,-10.4920,-5.35227
