,Time,BX_GSE,BY_GSE,BZ_GSE,Vx,Vy,Vz,proton_density,T,Xpos
0,2015-03-17 04:20:00,-2.4914849,4.63745,7.80938,-397.1649169921875,69.26310729980469,-12.452118873596191,9.029585838317871,323417.06657133944,244246.98
1,2015-03-17 04:21:00,-2.3373566,4.3988194,7.989099,-397.1649169921875,69.26310729980469,-12.452118873596191,9.029585838317871,323417.06657133944,244288.17
2,2015-03-17 04:22:00,-2.3526025,3.776716,7.6904006,-396.0840589735243,69.10293579101562,-12.3498199250963,8.982155376010471,321520.4405491086,244329.94
3,2015-03-17 04:23:00,-3.2243502,3.6095498,7.168435,-395.0032009548611,68.94276428222656,-12.247520976596409,8.934724913703072,319623.8145268778,244371.6
4,2015-03-17 04:24:00,-3.484039,3.6524377,6.662178,-393.92234293619794,68.7825927734375,-12.145222028096518,8.88729445139567,317727.188504647,244413.33
5,2015-03-17 04:25:00,-2.0813658,4.793491,7.517872,-392.84148491753473,68.62242126464844,-12.042923079596626,8.83986398908827,315830.56248241616,244454.98
6,2015-03-17 04:26:00,-3.0942147,5.4047484,7.592643,-391.7606268988715,68.46224975585938,-11.940624131096733,8.79243352678087,313933.93646018533,244496.81
7,2015-03-17 04:27:00,-2.793024,5.218989,7.7559257,-390.6797688802083,68.30207824707031,-11.838325182596842,8.74500306447347,312037.3104379545,244538.67
8,2015-03-17 04:28:00,-3.026065,4.6796126,7.7036858,-389.59891086154516,68.14190673828125,-11.73602623409695,8.697572602166069,310140.6844157237,244580.47
9,2015-03-17 04:29:00,-1.9135948,5.2217493,7.3860364,-388.51805284288196,67.98173522949219,-11.63372728559706,8.65014213985867,308244.0583934929,244622.55
10,2015-03-17 04:30:00,-2.506714,4.3626432,7.644166,-387.43719482421875,67.82156372070312,-11.531428337097168,8.60271167755127,306347.43237126205,244664.44
11,2015-03-17 04:31:00,-3.5565703,5.172085,6.5605893,-397.7101067437066,66.58779652913411,-8.397659513685438,10.315420786539713,388623.06921563525,244706.38
12,2015-03-17 04:32:00,-1.971239,4.877539,5.496062,-407.98301866319446,65.35402933756511,-5.263890690273708,12.028129895528158,470898.7060600085,244748.62
13,2015-03-17 04:33:00,-2.138208,3.1167972,6.1847525,-418.2559305826823,64.1202621459961,-2.1301218668619786,13.740839004516602,553174.3429043817,244790.64
14,2015-03-17 04:34:00,-0.015357651,4.3456798,6.276934,-428.52884250217016,62.886494954427086,1.0036469565497512,15.453548113505047,635449.9797487549,244832.73
15,2015-03-17 04:35:00,1.1224672,4.430901,5.6126604,-438.80175442165796,61.65272776285807,4.137415779961481,17.16625722249349,717725.6165931281,244875.11
16,2015-03-17 04:36:00,-0.086801566,2.089773,7.124685,-449.0746663411458,60.41896057128906,7.271184603373211,18.878966331481934,800001.2534375013,244917.42
17,2015-03-17 04:37:00,-1.6008075,4.657131,6.0586724,-459.34757826063367,59.185193379720054,10.40495342678494,20.59167544047038,882276.8902818745,244959.64
18,2015-03-17 04:38:00,-0.25127655,3.8916492,7.0276847,-469.6204901801215,57.95142618815104,13.53872225019667,22.304384549458824,964552.5271262478,245002.05
19,2015-03-17 04:39:00,0.30925444,11.371588,13.94719,-479.8934020996094,56.71765899658203,16.6724910736084,24.017093658447266,1046828.163970621,245044.5
20,2015-03-17 04:40:00,0.8154333,14.973123,17.309391,-482.1558363172743,52.23309580485026,21.83323711819119,23.32845687866211,1100284.8733626257,245086.89
21,2015-03-17 04:41:00,-0.8056817,16.793436,17.73042,-484.4182705349392,47.74853261311849,26.99398316277398,22.639820098876953,1153741.5827546304,245129.6
22,2015-03-17 04:42:00,-0.65066355,16.207163,18.390152,-486.6807047526042,43.26396942138672,32.154729207356766,21.951183319091797,1207198.292146635,245171.92
23,2015-03-17 04:43:00,-0.101181135,16.53758,18.043207,-488.9431389702691,38.77940622965495,37.31547525193956,21.26254653930664,1260655.00153864,245214.72
24,2015-03-17 04:44:00,0.06861041,16.477955,18.72886,-491.205573187934,34.29484303792318,42.476221296522354,20.573909759521484,1314111.7109306445,245257.27
25,2015-03-17 04:45:00,0.0745747,15.402002,20.613037,-493.46800740559894,29.810279846191406,47.63696734110514,19.885272979736328,1367568.4203226492,245300.17
26,2015-03-17 04:46:00,1.5024074,15.276344,19.127264,-495.7304416232639,25.325716654459637,52.79771338568793,19.196636199951172,1421025.1297146538,245342.86
27,2015-03-17 04:47:00,1.5257957,12.921175,21.59546,-497.99287584092883,20.841153462727867,57.95845943027072,18.507999420166016,1474481.8391066587,245385.58
28,2015-03-17 04:48:00,2.37454,11.959937,21.74531,-500.25531005859375,16.356590270996094,63.119205474853516,17.81936264038086,1527938.5484986634,245428.62
29,2015-03-17 04:49:00,3.8062139,12.164472,21.099573,-499.7384918212891,12.55880126953125,58.88787727355957,18.009377670288085,1509441.8734016612,245471.5
30,2015-03-17 04:50:00,4.788681,12.637477,21.235037,-499.2216735839844,8.761012268066406,54.656549072265626,18.19939270019531,1490945.1983046588,245514.48
31,2015-03-17 04:51:00,3.5898018,13.995424,21.776524,-498.70485534667966,4.963223266601563,50.42522087097168,18.38940773010254,1472448.5232076566,245557.4
32,2015-03-17 04:52:00,1.8068961,13.389789,21.715092,-498.188037109375,1.165434265136719,46.19389266967774,18.579422760009766,1453951.8481106542,245600.7
33,2015-03-17 04:53:00,3.4031932,12.338073,21.350004,-497.6712188720703,-2.6323547363281246,41.96256446838379,18.769437789916992,1435455.173013652,245643.86
34,2015-03-17 04:54:00,2.288338,11.703925,21.838993,-497.15440063476564,-6.430143737792968,37.73123626708984,18.959452819824218,1416958.4979166498,245686.81
35,2015-03-17 04:55:00,5.0929036,11.749216,21.807667,-496.63758239746096,-10.227932739257811,33.4999080657959,19.149467849731444,1398461.8228196474,245730.22
36,2015-03-17 04:56:00,5.023178,12.473865,20.81038,-496.1207641601562,-14.025721740722656,29.26857986450195,19.339482879638673,1379965.1477226452,245773.55
37,2015-03-17 04:57:00,4.493439,12.355761,21.942636,-495.60394592285155,-17.823510742187498,25.037251663208007,19.5294979095459,1361468.4726256428,245816.83
38,2015-03-17 04:58:00,4.412306,13.113206,21.699415,-495.0871276855469,-21.621299743652344,20.805923461914062,19.719512939453125,1342971.7975286406,245860.36
39,2015-03-17 04:59:00,5.7804074,12.828238,21.853718,-493.6540018717448,-23.359229193793404,21.302597257826065,19.83093113369412,1332925.581973957,245903.75
40,2015-03-17 05:00:00,0.9411096,14.030145,22.134043,-492.2208760579427,-25.097158643934463,21.799271053738064,19.942349327935112,1322879.3664192732,245947.17
41,2015-03-17 05:01:00,5.0509915,13.769078,21.3111,-490.7877502441406,-26.83508809407552,22.295944849650066,20.053767522176106,1312833.1508645897,245990.88
42,2015-03-17 05:02:00,6.0830636,14.74678,20.910967,-489.35462443033856,-28.57301754421658,22.792618645562065,20.1651857164171,1302786.935309906,246034.45
43,2015-03-17 05:03:00,5.3590994,14.225241,20.44907,-487.92149861653644,-30.31094699435764,23.289292441474068,20.276603910658096,1292740.7197552223,246078.0
44,2015-03-17 05:04:00,4.371739,13.926109,20.524496,-486.4883728027344,-32.048876444498696,23.785966237386067,20.38802210489909,1282694.5042005386,246121.9
45,2015-03-17 05:05:00,4.294172,14.430436,19.602781,-485.0552469889323,-33.786805894639755,24.28264003329807,20.499440299140083,1272648.2886458552,246165.6
46,2015-03-17 05:06:00,2.9219677,16.902561,19.07306,-483.6221211751302,-35.524735344780815,24.779313829210068,20.610858493381077,1262602.0730911714,246209.61
47,2015-03-17 05:07:00,2.7833922,16.6184,19.009613,-482.1889953613281,-37.262664794921875,25.27598762512207,20.72227668762207,1252555.8575364877,246253.39
48,2015-03-17 05:08:00,2.5333927,17.226913,17.96219,-482.0668029785156,-39.242865244547524,25.05136956108941,20.433305528428818,1252739.5390773958,246297.23
49,2015-03-17 05:09:00,0.06509013,19.504942,15.877734,-481.9446105957031,-41.22306569417318,24.826751497056748,20.14433436923557,1252923.220618304,246341.4
50,2015-03-17 05:10:00,1.148671,18.486465,17.113218,-481.8224182128906,-43.20326614379883,24.60213343302409,19.855363210042317,1253106.9021592122,246385.53
51,2015-03-17 05:11:00,1.2252891,18.780947,17.303991,-481.7002258300781,-45.18346659342448,24.37751536899143,19.566392050849068,1253290.5837001204,246429.67
52,2015-03-17 05:12:00,1.9305608,17.022436,17.741055,-481.5780334472656,-47.16366704305013,24.152897304958767,19.277420891655815,1253474.2652410285,246473.75
53,2015-03-17 05:13:00,2.39963,15.826882,19.432562,-481.4558410644531,-49.14386749267578,23.928279240926106,18.988449732462566,1253657.9467819368,246518.16
54,2015-03-17 05:14:00,2.346884,17.534206,18.691345,-481.3336486816406,-51.12406794230143,23.703661176893448,18.699478573269314,1253841.6283228449,246562.62
55,2015-03-17 05:15:00,2.695359,15.093893,20.193386,-481.2114562988281,-53.104268391927086,23.479043112860786,18.410507414076065,1254025.3098637532,246606.61
56,2015-03-17 05:16:00,5.8795357,6.1205077,24.019262,-481.0892639160156,-55.084468841552734,23.254425048828125,18.121536254882812,1254208.9914046612,246651.17
57,2015-03-17 05:17:00,4.2095633,11.178377,21.612682,-481.0389133029514,-51.16129938761393,21.314814620547825,18.008590910169815,1233463.0703230076,246695.53
58,2015-03-17 05:18:00,4.8818183,11.712047,22.839247,-480.98856268988715,-47.23812993367513,19.375204192267525,17.895645565456814,1212717.149241354,246740.23
59,2015-03-17 05:19:00,6.179733,10.256628,23.628996,-480.93821207682294,-43.31496047973633,17.435593763987224,17.782700220743816,1191971.2281597005,246784.6
60,2015-03-17 05:20:00,5.526863,8.37411,25.095552,-480.88786146375867,-39.391791025797524,15.495983335706923,17.669754876030815,1171225.307078047,246829.25
61,2015-03-17 05:21:00,6.4215555,6.11963,24.749067,-480.83751085069446,-35.468621571858726,13.556372907426622,17.556809531317818,1150479.3859963932,246874.14
62,2015-03-17 05:22:00,9.4103985,7.4615364,23.116009,-480.7871602376302,-31.545452117919922,11.61676247914632,17.443864186604817,1129733.4649147396,246918.78
63,2015-03-17 05:23:00,7.8544345,4.276486,24.381723,-480.736809624566,-27.622282663981117,9.67715205086602,17.33091884189182,1108987.543833086,246963.61
64,2015-03-17 05:24:00,8.157038,3.298704,24.979582,-480.6864590115017,-23.699113210042317,7.73754162258572,17.217973497178818,1088241.6227514325,247008.53
65,2015-03-17 05:25:00,8.446334,3.9388003,24.567951,-480.6361083984375,-19.775943756103516,5.79793119430542,17.10502815246582,1067495.701669779,247053.38
66,2015-03-17 05:26:00,7.5320463,2.901326,24.495466,-481.18851047092016,-24.629406399197048,5.850450038909912,17.745452880859375,1068843.3095472965,247098.52
67,2015-03-17 05:27:00,7.7725244,1.0541157,24.353405,-481.74091254340277,-29.48286904229058,5.902968883514404,18.38587760925293,1070190.9174248143,247143.5
68,2015-03-17 05:28:00,7.747593,-0.40268788,23.060041,-482.29331461588544,-34.33633168538411,5.9554877281188965,19.026302337646484,1071538.525302332,247188.52
69,2015-03-17 05:29:00,5.06633,-2.8996599,20.197895,-482.84571668836804,-39.189794328477646,6.008006572723389,19.66672706604004,1072886.1331798495,247233.83
70,2015-03-17 05:30:00,2.3036444,-3.793742,19.873459,-483.3981187608507,-44.04325697157118,6.060525417327881,20.307151794433594,1074233.7410573673,247278.98
71,2015-03-17 05:31:00,2.2699206,-5.294566,18.230639,-483.9505208333333,-48.89671961466471,6.113044261932373,20.94757652282715,1075581.3489348849,247324.2
72,2015-03-17 05:32:00,-0.9428021,-9.737028,13.48837,-484.502922905816,-53.75018225775824,6.165563106536865,21.588001251220703,1076928.9568124025,247369.7
73,2015-03-17 05:33:00,3.4262195,-4.042726,19.713644,-485.0553249782986,-58.603644900851776,6.218081951141357,22.228425979614258,1078276.5646899203,247415.03
74,2015-03-17 05:34:00,2.2906659,-9.424797,16.493921,-485.60772705078125,-63.45710754394531,6.27060079574585,22.868850708007812,1079624.1725674379,247460.56
75,2015-03-17 05:35:00,4.380742,-4.219703,19.997852,-484.17860921223956,-65.68174319797092,9.947310977511936,22.529028998480904,1090526.9784100456,247506.28
76,2015-03-17 05:36:00,3.715062,-2.6353786,22.359402,-482.74949137369794,-67.90637885199652,13.624021159278023,22.189207288953995,1101429.7842526534,247551.64
77,2015-03-17 05:37:00,6.861242,1.4347498,22.499863,-481.32037353515625,-70.13101450602214,17.30073134104411,21.849385579427082,1112332.590095261,247597.36
78,2015-03-17 05:38:00,14.272818,10.980525,19.705322,-479.89125569661456,-72.35565016004774,20.977441522810196,21.509563869900173,1123235.3959378689,247643.12
79,2015-03-17 05:39:00,14.821127,8.79476,19.826864,-478.46213785807294,-74.58028581407335,24.65415170457628,21.169742160373264,1134138.2017804768,247689.08
80,2015-03-17 05:40:00,12.751337,4.973973,17.544449,-477.03302001953125,-76.80492146809895,28.330861886342365,20.829920450846355,1145041.0076230846,247734.56
81,2015-03-17 05:41:00,11.443093,3.7787137,17.247972,-475.60390218098956,-79.02955712212457,32.00757206810845,20.490098741319443,1155943.8134656923,247780.67
82,2015-03-17 05:42:00,11.639879,4.3594604,17.42819,-474.17478434244794,-81.25419277615018,35.68428224987454,20.150277031792534,1166846.6193083,247826.83
83,2015-03-17 05:43:00,11.266472,3.9702394,17.92234,-472.74566650390625,-83.47882843017578,39.360992431640625,19.810455322265625,1177749.4251509078,247872.77
84,2015-03-17 05:44:00,12.673899,1.9658184,16.404133,-473.0149570041233,-82.79955122205946,39.207893795437286,19.974637985229492,1183895.841169186,247918.8
85,2015-03-17 05:45:00,13.2310505,6.7034426,16.071375,-473.28424750434027,-82.12027401394315,39.05479515923394,20.13882064819336,1190042.257187464,247965.0
86,2015-03-17 05:46:00,11.442323,5.2364182,15.256707,-473.5535380045573,-81.44099680582683,38.9016965230306,20.303003311157227,1196188.6732057421,248011.42
87,2015-03-17 05:47:00,11.515731,1.2475729,16.476612,-473.8228285047743,-80.76171959771051,38.748597886827255,20.467185974121094,1202335.0892240203,248057.64
88,2015-03-17 05:48:00,10.708522,-2.5563118,17.197641,-474.09211900499133,-80.08244238959418,38.59549925062392,20.63136863708496,1208481.5052422984,248103.94
89,2015-03-17 05:49:00,9.543123,-2.0345943,18.170563,-474.3614095052083,-79.40316518147786,38.44240061442057,20.795551300048828,1214627.9212605765,248150.53
90,2015-03-17 05:50:00,9.105342,-3.7809322,16.547178,-474.63070000542535,-78.72388797336154,38.28930197821723,20.959733963012695,1220774.3372788546,248196.97
91,2015-03-17 05:51:00,6.5490813,-6.0556054,14.596885,-474.89999050564234,-78.04461076524522,38.136203342013886,21.123916625976562,1226920.7532971327,248243.6
92,2015-03-17 05:52:00,6.8952494,-3.5395825,14.985397,-475.1692810058594,-77.3653335571289,37.98310470581055,21.28809928894043,1233067.1693154108,248290.27
93,2015-03-17 05:53:00,7.6090074,-10.717184,10.039496,-474.0684448242188,-76.29053421020508,41.082110214233396,21.338297271728514,1238814.1822572958,248337.02
94,2015-03-17 05:54:00,6.758701,-15.556615,6.573028,-472.9676086425781,-75.21573486328126,44.18111572265625,21.388495254516602,1244561.1951991809,248383.67
95,2015-03-17 05:55:00,6.8767524,-15.350795,5.792813,-471.8667724609375,-74.14093551635742,47.2801212310791,21.438693237304687,1250308.2081410657,248430.69
96,2015-03-17 05:56:00,4.97436,-17.156897,3.6892812,-470.76593627929685,-73.06613616943359,50.379126739501956,21.488891220092775,1256055.2210829507,248477.55
97,2015-03-17 05:57:00,3.8467216,-17.901611,2.3879664,-469.66510009765625,-71.99133682250977,53.478132247924805,21.53908920288086,1261802.2340248358,248524.39
98,2015-03-17 05:58:00,4.812175,-18.619959,2.4931865,-468.56426391601565,-70.91653747558594,56.57713775634765,21.589287185668944,1267549.2469667208,248571.62
99,2015-03-17 05:59:00,4.566582,-18.63257,3.870205,-467.463427734375,-69.84173812866212,59.67614326477051,21.639485168457032,1273296.2599086058,248618.66
100,2015-03-17 06:00:00,4.7335367,-17.874012,3.5309563,-466.3625915527344,-68.76693878173828,62.77514877319336,21.689683151245116,1279043.2728504906,248665.88
101,2015-03-17 06:01:00,5.3104563,-17.422565,4.785729,-465.2617553710937,-67.69213943481445,65.87415428161621,21.739881134033205,1284790.2857923757,248713.08
102,2015-03-17 06:02:00,5.884041,-14.386801,3.7749007,-464.1609191894531,-66.61734008789062,68.97315979003906,21.79007911682129,1290537.2987342607,248760.42
103,2015-03-17 06:03:00,2.977003,-14.318437,-1.4472389,-466.33353339301215,-65.35036341349284,64.4411924150255,21.37056647406684,1297836.8397646027,248808.0
104,2015-03-17 06:04:00,-3.4019375,-11.433935,-13.541318,-468.50614759657117,-64.08338673909505,59.90922504001193,20.951053831312393,1305136.3807949445,248855.36
105,2015-03-17 06:05:00,-4.7218404,-12.1547165,-14.868798,-470.6787618001302,-62.816410064697266,55.377257664998375,20.53154118855794,1312435.9218252865,248902.84
106,2015-03-17 06:06:00,-5.0079393,-13.548525,-15.210562,-472.8513760036892,-61.54943339029948,50.84529028998481,20.112028545803494,1319735.4628556282,248950.36
107,2015-03-17 06:07:00,-4.953845,-13.346675,-15.139207,-475.0239902072483,-60.282456715901695,46.313322914971245,19.692515903049046,1327035.0038859702,248998.22
108,2015-03-17 06:08:00,-4.1360765,-16.307415,-12.828656,-477.1966044108073,-59.015480041503906,41.78135553995769,19.273003260294598,1334334.544916312,249045.9
109,2015-03-17 06:09:00,-4.168441,-17.803385,-12.313883,-479.36921861436633,-57.74850336710612,37.24938816494412,18.853490617540146,1341634.085946654,249093.64
110,2015-03-17 06:10:00,-4.566028,-17.378048,-14.720912,-481.54183281792535,-56.481526692708336,32.71742078993056,18.433977974785698,1348933.6269769957,249141.72
111,2015-03-17 06:11:00,-4.999965,-15.058486,-17.200441,-483.7144470214844,-55.21455001831055,28.185453414916992,18.01446533203125,1356233.1680073377,249189.61
112,2015-03-17 06:12:00,-5.252694,-14.283444,-17.799227,-483.2622884114583,-56.325111389160156,28.03641849093967,18.173307206895615,1349039.8203271513,249237.86
113,2015-03-17 06:13:00,-5.033674,-14.563762,-16.883425,-482.8101298014323,-57.435672760009766,27.88738356696235,18.332149081759983,1341846.472646965,249285.86
114,2015-03-17 06:14:00,-4.257985,-16.918577,-13.899295,-482.35797119140625,-58.546234130859375,27.738348642985027,18.490990956624348,1334653.1249667786,249334.11
115,2015-03-17 06:15:00,-5.290204,-16.921284,-14.156163,-481.9058125813802,-59.656795501708984,27.589313719007706,18.649832831488716,1327459.7772865922,249382.42
116,2015-03-17 06:16:00,-4.9224854,-17.09444,-13.198951,-481.4536539713542,-60.767356872558594,27.44027879503038,18.80867470635308,1320266.4296064058,249430.81
117,2015-03-17 06:17:00,-4.484101,-16.74887,-14.179475,-481.0014953613281,-61.8779182434082,27.29124387105306,18.96751658121745,1313073.0819262194,249479.16
118,2015-03-17 06:18:00,-4.662352,-16.860067,-14.286245,-480.54933675130206,-62.98847961425781,27.142208947075737,19.126358456081814,1305879.734246033,249527.7
119,2015-03-17 06:19:00,-3.384668,-17.691694,-14.125864,-480.09717814127606,-64.09904098510742,26.993174023098415,19.285200330946182,1298686.3865658466,249576.45
120,2015-03-17 06:20:00,-3.2676966,-18.033062,-13.682792,-479.64501953125,-65.20960235595703,26.844139099121094,19.444042205810547,1291493.0388856602,249625.02
121,2015-03-17 06:21:00,-4.0083704,-18.18177,-12.632902,-480.8563537597656,-65.7655495537652,27.090351740519207,19.56612226698134,1295272.774518532,249673.92
122,2015-03-17 06:22:00,-4.4903784,-19.390402,-10.783593,-482.06768798828125,-66.32149675157335,27.336564381917317,19.688202328152126,1299052.5101514037,249722.39
123,2015-03-17 06:23:00,-4.618202,-19.290176,-9.796751,-483.2790222167969,-66.87744394938152,27.58277702331543,19.810282389322918,1302832.2457842752,249771.45
124,2015-03-17 06:24:00,-4.5399866,-19.384495,-8.489608,-484.4903564453125,-67.43339114718967,27.828989664713543,19.932362450493706,1306611.981417147,249820.31
125,2015-03-17 06:25:00,-5.066787,-18.191135,-9.277759,-485.7016906738281,-67.98933834499783,28.075202306111652,20.054442511664497,1310391.7170500187,249869.53
126,2015-03-17 06:26:00,-7.682215,-15.987433,-9.726493,-486.91302490234375,-68.54528554280598,28.321414947509766,20.176522572835285,1314171.4526828905,249918.58
127,2015-03-17 06:27:00,-6.7707477,-16.556469,-8.510689,-488.1243591308594,-69.10123274061415,28.56762758890788,20.298602634006077,1317951.188315762,249967.83
128,2015-03-17 06:28:00,-7.1534567,-16.611952,-7.6262383,-489.335693359375,-69.6571799384223,28.81384023030599,20.420682695176865,1321730.9239486337,250017.16
129,2015-03-17 06:29:00,-5.7067094,-16.39529,-11.41961,-490.5470275878906,-70.21312713623047,29.0600528717041,20.542762756347656,1325510.6595815055,250066.44
130,2015-03-17 06:30:00,-4.475894,-15.465179,-15.293658,-489.5697530110677,-70.91393280029297,31.247373792860245,20.580172644721138,1331857.3919674738,250116.06
131,2015-03-17 06:31:00,-3.3862164,-16.024876,-11.9824915,-488.5924784342448,-71.61473846435547,33.43469471401639,20.61758253309462,1338204.124353442,250165.52
132,2015-03-17 06:32:00,-1.8152962,-19.57567,-1.7462473,-487.6152038574219,-72.31554412841797,35.622015635172524,20.654992421468098,1344550.8567394107,250215.28
133,2015-03-17 06:33:00,-1.4674522,-19.115307,-2.268756,-486.63792928059894,-73.01634979248047,37.80933655632867,20.69240230984158,1350897.589125379,250265.03
134,2015-03-17 06:34:00,-2.4619467,-18.56151,-3.7786286,-485.66065470377606,-73.71715545654297,39.99665747748481,20.72981219821506,1357244.3215113473,250314.61
135,2015-03-17 06:35:00,-1.5574232,-18.546888,-4.7222223,-484.6833801269531,-74.41796112060547,42.183978398640946,20.767222086588543,1363591.0538973156,250364.62
136,2015-03-17 06:36:00,-0.966047,-18.75755,-3.710471,-483.7061055501302,-75.11876678466797,44.37129931979709,20.80463197496202,1369937.7862832842,250414.48
137,2015-03-17 06:37:00,-0.5969847,-18.731337,2.3862655,-482.7288309733073,-75.81957244873047,46.55862024095323,20.842041863335503,1376284.5186692525,250464.67
138,2015-03-17 06:38:00,0.26620045,-18.98591,3.0074427,-481.7515563964844,-76.52037811279297,48.745941162109375,20.879451751708984,1382631.2510552208,250514.7
139,2015-03-17 06:39:00,2.4275613,-18.463533,3.7309573,-481.4598456488715,-73.85450405544705,55.3947762383355,21.18465254041884,1388712.957498944,250564.81
140,2015-03-17 06:40:00,-2.5703638,-19.014698,-0.9175759,-481.16813490125867,-71.18862999810113,62.04361131456163,21.48985332912869,1394794.6639426667,250615.25
141,2015-03-17 06:41:00,0.61734056,-18.541077,5.0410223,-480.8764241536458,-68.5227559407552,68.69244639078777,21.795054117838543,1400876.3703863898,250665.67
142,2015-03-17 06:42:00,0.4464502,-18.968475,3.8083081,-480.58471340603296,-65.85688188340929,75.34128146701389,22.100254906548393,1406958.0768301126,250716.17
143,2015-03-17 06:43:00,0.4341724,-18.182705,6.682854,-480.29300265842016,-63.19100782606337,81.99011654324002,22.405455695258247,1413039.7832738357,250766.48
144,2015-03-17 06:44:00,0.88261986,-10.918177,11.657506,-480.0012919108073,-60.525133768717446,88.63895161946614,22.710656483968098,1419121.4897175585,250817.3
145,2015-03-17 06:45:00,0.8989666,-6.8125205,13.909371,-479.70958116319446,-57.85925971137153,95.28778669569228,23.015857272677952,1425203.1961612816,250867.92
146,2015-03-17 06:46:00,-0.033241514,-12.840873,11.161545,-479.4178704155816,-55.193385654025604,101.9366217719184,23.321058061387802,1431284.9026050044,250918.92
147,2015-03-17 06:47:00,-0.99568707,-18.273167,1.7007637,-479.12615966796875,-52.52751159667969,108.58545684814453,23.626258850097656,1437366.6090487274,250969.84
148,2015-03-17 06:48:00,-2.0863674,-18.799393,-3.3562112,-480.2236090766059,-52.630040910508896,102.99932946099176,23.34853956434462,1450832.594782935,251020.72
149,2015-03-17 06:49:00,0.6422581,-17.673908,0.24724483,-481.32105848524304,-52.732570224338104,97.41320207383897,23.07082027859158,1464298.5805171423,251072.0
150,2015-03-17 06:50:00,5.011847,-6.834675,16.187372,-482.4185078938802,-52.83509953816732,91.8270746866862,22.793100992838543,1477764.5662513499,251123.06
151,2015-03-17 06:51:00,2.2531962,-2.5054436,18.929325,-483.51595730251734,-52.93762885199653,86.24094729953342,22.515381707085503,1491230.5519855574,251174.22
152,2015-03-17 06:52:00,1.8278043,7.1880364,16.68976,-484.61340671115454,-53.04015816582574,80.65481991238065,22.237662421332466,1504696.5377197647,251225.5
153,2015-03-17 06:53:00,4.4654574,9.231736,17.084146,-485.7108561197917,-53.142687479654946,75.06869252522786,21.959943135579426,1518162.5234539723,251277.08
154,2015-03-17 06:54:00,5.7039676,6.0302215,17.252195,-486.80830552842883,-53.24521679348416,69.48256513807509,21.68222384982639,1531628.5091881799,251328.69
155,2015-03-17 06:55:00,6.02486,3.315702,16.630997,-487.905754937066,-53.34774610731337,63.89643775092231,21.40450456407335,1545094.4949223872,251380.2
156,2015-03-17 06:56:00,9.213251,-0.25161192,17.526262,-489.0032043457031,-53.45027542114258,58.31031036376953,21.126785278320312,1558560.4806565947,251431.97
157,2015-03-17 06:57:00,8.937734,-1.6833193,18.045885,-487.07215576171876,-50.49426383972168,58.99320678710937,21.19108772277832,1547961.415339793,251483.7
158,2015-03-17 06:58:00,9.644847,-2.4635289,17.961987,-485.1411071777344,-47.53825225830078,59.67610321044922,21.255390167236328,1537362.3500229914,251535.78
159,2015-03-17 06:59:00,10.1627,-4.293338,16.978245,-483.21005859375,-44.582240676879884,60.35899963378906,21.319692611694336,1526763.2847061895,251587.56
160,2015-03-17 07:00:00,10.736852,-5.849794,16.298063,-481.2790100097656,-41.62622909545898,61.04189605712891,21.383995056152344,1516164.2193893879,251639.7
161,2015-03-17 07:01:00,11.891759,-7.0505624,15.723823,-479.34796142578125,-38.670217514038086,61.72479248046875,21.44829750061035,1505565.1540725862,251692.08
162,2015-03-17 07:02:00,13.5740595,-9.963776,13.636765,-477.4169128417969,-35.71420593261719,62.40768890380859,21.51259994506836,1494966.0887557846,251744.27
163,2015-03-17 07:03:00,-6.3060374,-23.550291,3.3078144,-475.4858642578125,-32.75819435119629,63.09058532714844,21.576902389526367,1484367.023438983,251796.58
164,2015-03-17 07:04:00,-5.342888,-23.146013,2.7666392,-473.5548156738281,-29.802182769775392,63.77348175048828,21.641204833984375,1473767.958122181,251849.23
165,2015-03-17 07:05:00,-4.0660067,-21.880392,1.0559754,-471.62376708984374,-26.846171188354493,64.45637817382813,21.705507278442383,1463168.8928053793,251901.75
166,2015-03-17 07:06:00,-2.4733596,-22.417416,-2.4520323,-469.6927185058594,-23.890159606933594,65.13927459716797,21.76980972290039,1452569.8274885777,251954.47
167,2015-03-17 07:07:00,-1.8325298,-21.231052,-3.703369,-470.8646647135417,-23.461041556464302,63.831092834472656,21.5794431898329,1457684.8055481892,252007.33
168,2015-03-17 07:08:00,-3.2066257,-20.033978,-7.1133084,-472.03661092122394,-23.03192350599501,62.522911071777344,21.389076656765408,1462799.783607801,252060.23
169,2015-03-17 07:09:00,0.7863756,-18.311892,-7.722834,-473.20855712890625,-22.602805455525715,61.21472930908203,21.198710123697918,1467914.7616674125,252113.16
170,2015-03-17 07:10:00,2.942251,-14.365228,-11.599124,-474.38050333658856,-22.173687405056423,59.90654754638672,21.008343590630425,1473029.739727024,252166.42
171,2015-03-17 07:11:00,3.6763139,-13.156821,-10.135203,-475.5524495442708,-21.74456935458713,58.598365783691406,20.817977057562935,1478144.7177866357,252219.48
172,2015-03-17 07:12:00,1.2686301,-12.932876,-8.300773,-476.7243957519531,-21.31545130411784,57.290184020996094,20.62761052449544,1483259.6958462473,252272.86
173,2015-03-17 07:13:00,-4.354239,-13.540483,-7.0880303,-477.89634195963544,-20.886333253648544,55.98200225830078,20.437243991427952,1488374.6739058588,252326.16
174,2015-03-17 07:14:00,-5.58392,-11.415202,-9.454485,-479.0682881673177,-20.457215203179253,54.67382049560547,20.24687745836046,1493489.6519654705,252379.84
175,2015-03-17 07:15:00,-9.279241,-8.335428,-11.24319,-480.240234375,-20.02809715270996,53.365638732910156,20.05651092529297,1498604.630025082,252433.61
176,2015-03-17 07:16:00,-3.1712937,-11.320584,-7.9829454,-477.3659973144531,-18.766542858547634,58.53729671902127,20.284488042195637,1483752.3660975199,252486.98
177,2015-03-17 07:17:00,4.2831144,-13.563883,-4.9346733,-474.49176025390625,-17.504988564385307,63.70895470513238,20.51246515909831,1468900.1021699577,252540.97
178,2015-03-17 07:18:00,3.4590335,-14.457599,-6.5041533,-471.6175231933594,-16.24343427022298,68.88061269124348,20.740442276000977,1454047.8382423955,252594.84
179,2015-03-17 07:19:00,1.9484626,-13.505447,-7.740479,-468.7432861328125,-14.981879976060656,74.0522706773546,20.968419392903645,1439195.5743148334,252649.03
180,2015-03-17 07:20:00,0.9670802,-12.095033,-7.1345415,-465.8690490722656,-13.720325681898329,79.22392866346571,21.196396509806316,1424343.310387271,252702.97
181,2015-03-17 07:21:00,11.703293,-6.8288183,6.6910844,-462.99481201171875,-12.458771387736004,84.39558664957681,21.424373626708984,1409491.0464597088,252757.4
182,2015-03-17 07:22:00,6.5700307,-10.386388,3.2584743,-460.1205749511719,-11.197217093573677,89.56724463568793,21.652350743611652,1394638.7825321467,252811.8
183,2015-03-17 07:23:00,7.6014524,-10.521204,6.25151,-457.246337890625,-9.93566279941135,94.73890262179904,21.880327860514324,1379786.5186045845,252866.19
184,2015-03-17 07:24:00,9.326417,-7.235641,9.277713,-454.3721008300781,-8.674108505249023,99.91056060791016,22.108304977416992,1364934.2546770223,252920.83
185,2015-03-17 07:25:00,9.318908,-8.063843,9.174851,-454.3721008300781,-8.674108505249023,99.91056060791016,22.108304977416992,1364934.2546770223,252975.44
186,2015-03-17 07:26:00,9.426325,-6.6004367,10.542499,-454.3721008300781,-8.674108505249023,99.91056060791016,22.108304977416992,1364934.2546770223,253030.3
187,2015-03-17 07:27:00,9.812317,-4.0733666,11.831011,-454.3721008300781,-8.674108505249023,99.91056060791016,22.108304977416992,1364934.2546770223,253085.39
188,2015-03-17 07:28:00,9.136152,-4.26578,10.839681,-454.3721008300781,-8.674108505249023,99.91056060791016,22.108304977416992,1364934.2546770223,253140.34
189,2015-03-17 07:29:00,10.974363,-5.119277,13.56456,-454.3721008300781,-8.674108505249023,99.91056060791016,22.108304977416992,1364934.2546770223,253195.4
190,2015-03-17 07:30:00,10.974363,-5.119277,13.56456,-454.3721008300781,-8.674108505249023,99.91056060791016,22.108304977416992,1364934.2546770223,253250.86
