,Start,Stop,Pearson,Slope,Intercept,MAPE,Ratio,RMSE,RMSE_Artemis,RMSE_Omni,RMSE_Avg,hourly-velocity
0,2014-04-05 20:00:00,2014-04-05 20:59:00,0.2643737954026884,0.2674770642573182,5.051811666867869,0.1599011299847532,0.16261131862856257,1.1554110076613273,0.23171924914222547,0.16606450148661414,0.19235011615875247,-445.3652547457626
1,2014-04-05 20:01:00,2014-04-05 21:00:00,0.266892905565217,0.28259773711597147,4.9895702507276924,0.1596174660977155,0.1623228468790327,1.1818261802213772,0.23341085069201237,0.16868260157092083,0.19440416631251187,-445.1211869491525
2,2014-04-05 20:02:00,2014-04-05 21:01:00,0.30571434685330073,0.3346505216299195,4.723746156056212,0.16404008410703216,0.16682042451562595,1.2028739237258188,0.2374731618933385,0.16998212169546753,0.19705810909261054,-444.9115825423729
3,2014-04-05 20:03:00,2014-04-05 21:02:00,0.29940877235394153,0.3466949028905556,4.69096862816941,0.16889828309282495,0.17176096585711015,1.2552582400896162,0.24142117155419165,0.17458422694967463,0.20127434227816096,-444.692373220339
4,2014-04-05 20:04:00,2014-04-05 21:03:00,0.3356175432831467,0.38279103569849615,4.475453372023231,0.16829058887630952,0.17114297173861986,1.2575425251880945,0.24711402663606524,0.1768574213522188,0.2055384802481946,-444.54491559322037
5,2014-04-05 20:05:00,2014-04-05 21:04:00,0.38530484541999416,0.4437151074844631,4.125503289406297,0.16969476661113153,0.17257094909606596,1.2643513134964797,0.25296283102886635,0.17740758198282996,0.2100273992107626,-444.3974579661016
6,2014-04-05 20:06:00,2014-04-05 21:05:00,0.43128310749117976,0.5027066614366225,3.7889890628366034,0.1718204400645331,0.1747326509130845,1.2713954003818098,0.25706084907867116,0.17801312564446298,0.21060257420197043,-444.385593559322
7,2014-04-05 20:07:00,2014-04-05 21:06:00,0.4740756521312125,0.5566035133460949,3.483266981080521,0.17382612125388083,0.17677232669886186,1.2780611841133922,0.2580932915267327,0.1785845323881748,0.21114404039207954,-444.3746977966102
8,2014-04-05 20:08:00,2014-04-05 21:07:00,0.5116596694991535,0.6011999029691522,3.234083832708365,0.17578326891352158,0.1787626463527338,1.2842353112161269,0.2606622929934487,0.17912079856068933,0.21165069616600213,-444.3596855932204
9,2014-04-05 20:09:00,2014-04-05 21:08:00,0.5533484914170149,0.6482503832146106,2.97483369233011,0.1759254469611401,0.1789072341977696,1.285831644168807,0.2638085650922501,0.1790381579489558,0.21164758401519518,-444.3337777966102
10,2014-04-05 20:10:00,2014-04-05 21:09:00,0.5733413400117274,0.672607182320669,2.836749114594622,0.17672872346209492,0.1797241255546728,1.2903442599802044,0.2633798345881137,0.17937325559063116,0.2119741191472183,-444.30883813559325
11,2014-04-05 20:11:00,2014-04-05 21:10:00,0.5990417426341133,0.6812097948391544,2.789751576773888,0.17581189152502,0.1787917540932407,1.2891001518511513,0.26383891663115555,0.17919015152825646,0.21180837263311694,-444.295036779661
12,2014-04-05 20:12:00,2014-04-05 21:11:00,0.618471643983792,0.7044963552024035,2.6686957805272336,0.17807559130568273,0.181093821666796,1.296611046799532,0.2640571651429719,0.17986089123829008,0.21245094565357248,-444.28220372881356
13,2014-04-05 20:13:00,2014-04-05 21:12:00,0.6343729697886206,0.7222594096562021,2.6590954863532756,0.17702321718820502,0.18002361069986952,1.294844734537853,0.26436456831943866,0.17933852674164122,0.2119223807861655,-444.24491559322036
14,2014-04-05 20:14:00,2014-04-05 21:13:00,0.6395567930019803,0.7583527687777547,2.4657892905349277,0.1769386247628129,0.17993758450455552,1.301939478974936,0.26457596706274006,0.17928276414672736,0.2118605077362015,-444.20762745762715
15,2014-04-05 20:15:00,2014-04-05 21:14:00,0.647120080947768,0.7939735987730462,2.2768585816846016,0.18094240251178198,0.1840092228933376,1.3225968641335606,0.26455796812126897,0.1811352737061825,0.21379901372517743,-444.2114410169491
16,2014-04-05 20:16:00,2014-04-05 21:15:00,0.6632356912554322,0.8185407550179352,2.1726664692014674,0.18288090250519867,0.1859805788188461,1.333682350866162,0.2645437617969813,0.18200071606971033,0.2147102211771104,-444.21398372881356
17,2014-04-05 20:17:00,2014-04-05 21:16:00,0.6758753029873404,0.8120427832285454,2.2325838838354546,0.1847111545878136,0.18784185212320026,1.339520558752138,0.26432686689851925,0.18252187221928823,0.21520415463169298,-444.2118650847457
18,2014-04-05 20:18:00,2014-04-05 21:17:00,0.687885734782084,0.8319737362388401,2.1427839116093583,0.18658748376723933,0.18974998349210778,1.347813601698967,0.2646335655486615,0.18322875570914157,0.2159012388816912,-444.21017050847456
19,2014-04-05 20:19:00,2014-04-05 21:18:00,0.7172313352734386,0.820815075048481,2.283206885805412,0.18397173321082455,0.18708989818049954,1.3353816816676385,0.2635145955996455,0.1780975960523336,0.21287668052281428,-444.1902552542373
20,2014-04-05 20:20:00,2014-04-05 21:19:00,0.7291761065347,0.8077930124048205,2.3585912571576824,0.1863547602115069,0.18951331546932906,1.3535007546800217,0.264362909047491,0.17906453380051893,0.21439703812510547,-444.1622891525424
21,2014-04-05 20:21:00,2014-04-05 21:20:00,0.7347946425450133,0.8166442573899617,2.3399880271859246,0.19046457725480628,0.19369279042861656,1.3810597211793196,0.26537991912727493,0.18155425145997728,0.21732088734630828,-444.13983186440674
22,2014-04-05 20:22:00,2014-04-05 21:21:00,0.7344402009713841,0.8234129944870586,2.3257297221852102,0.19805681116009474,0.2014137062645031,1.4332503321370627,0.2657119969847112,0.18591307226163617,0.2202239916267278,-444.14491661016945
23,2014-04-05 20:23:00,2014-04-05 21:22:00,0.7417812347921134,0.8117998492791844,2.442574536127176,0.20611811937314067,0.20961164682014305,1.4598965809636117,0.2658619020169246,0.18937744299522583,0.2205357683799973,-444.08389966101686
24,2014-04-05 20:24:00,2014-04-05 21:23:00,0.7532530620622754,0.8024289085007867,2.4993056327035816,0.20749251727387785,0.21100933960055376,1.4612424535872466,0.2659346556111831,0.18916365422565334,0.22036819580934894,-444.0108488135593
25,2014-04-05 20:25:00,2014-04-05 21:24:00,0.7616742648303002,0.7896529396170322,2.5929232714678117,0.2101411994461949,0.21370291469104566,1.4758016949729078,0.26594894354074816,0.19042719581951809,0.2207018015141414,-444.11220508474577
26,2014-04-05 20:26:00,2014-04-05 21:25:00,0.772088996479793,0.7903905008305429,2.6249848183177846,0.21299408737705403,0.2166041566546312,1.4927110890459416,0.2674351933116873,0.19175480260279879,0.22212237647599062,-444.21339152542373
27,2014-04-05 20:27:00,2014-04-05 21:26:00,0.7798179438171201,0.7908217335479429,2.651181213798653,0.21639686659588023,0.22006461009750533,1.508428461591257,0.2695497268657699,0.19360378783002963,0.22411126045456034,-444.30593389830517
28,2014-04-05 20:28:00,2014-04-05 21:27:00,0.7653593352319918,0.7695896049534893,2.812678463197704,0.2202635143654445,0.22399679426994357,1.541913930136731,0.27632581327530487,0.1963241490739284,0.2280876640578703,-444.37762881355934
29,2014-04-05 20:29:00,2014-04-05 21:28:00,0.7538648250013265,0.7416456583958398,3.029390403070476,0.22493683247768786,0.22874932116375038,1.5836954433273611,0.2865286965106516,0.20029857385596736,0.23406545533877107,-444.4284762711865
30,2014-04-05 20:30:00,2014-04-05 21:29:00,0.7402844340757813,0.7205573828168856,3.1979521019699746,0.2298623429633283,0.233758314877961,1.6247327594946255,0.2958200787447974,0.20467027198257243,0.2401701679335891,-444.45847627118644
31,2014-04-05 20:31:00,2014-04-05 21:30:00,0.7269966010910499,0.6919330934438855,3.418642291416636,0.23781820257108155,0.24184901956381175,1.660454721176928,0.3019940459441891,0.20853664031946112,0.2449504456770076,-444.46762881355926
32,2014-04-05 20:32:00,2014-04-05 21:31:00,0.7112527215105001,0.6669048578696697,3.6053492624314334,0.24192516133427738,0.24602558779757022,1.6976526200974686,0.30905453970690955,0.21178384679216608,0.24946306392838918,-444.4559338983051
33,2014-04-05 20:33:00,2014-04-05 21:32:00,0.6969139847306351,0.6483021758058598,3.748850405615978,0.24488923873832946,0.249039903801691,1.7366006347404326,0.31519240669641835,0.21490148126830094,0.2539413484844869,-444.4355949152542
34,2014-04-05 20:34:00,2014-04-05 21:33:00,0.6743066380230301,0.6200781918397594,3.9621410065316107,0.24950230783489186,0.2537311605100595,1.788727393042986,0.32578796313551867,0.21959777209101333,0.26068905257746267,-444.4339
35,2014-04-05 20:35:00,2014-04-05 21:34:00,0.6616660313088802,0.591850046346646,4.174127098668144,0.2600827727027759,0.26449095529095856,1.8313294051093805,0.3360364681747385,0.22484420798910043,0.2677391470432637,-444.45310898305087
36,2014-04-05 20:36:00,2014-04-05 21:35:00,0.6394950895387673,0.5560877474761382,4.450864613175525,0.270310534743467,0.2748920692306444,1.8804784889737758,0.3454176138274587,0.23062691266004953,0.2749260595591088,-444.43559440677967
37,2014-04-05 20:37:00,2014-04-05 21:36:00,0.6170329438849471,0.5133010146778892,4.769901768233884,0.281702777474313,0.28647740082133527,1.9356280165363662,0.35804843547023885,0.23628140611987505,0.2827699407384209,-444.4508486440678
38,2014-04-05 20:38:00,2014-04-05 21:37:00,0.5971267622061106,0.47191788985832644,5.083222363719516,0.2893803176084289,0.2942850687543345,1.9841510745819406,0.36944030576124737,0.24170582022329612,0.2905982999692638,-444.4830520338983
39,2014-04-05 20:39:00,2014-04-05 21:38:00,0.578223103897168,0.4343962742033515,5.365346212692009,0.2980622019226421,0.3031141036501445,2.029237177021492,0.37813905001517445,0.24682240055038915,0.29772884830038915,-444.52034016949153
40,2014-04-05 20:40:00,2014-04-05 21:39:00,0.548470816686181,0.3931802348016347,5.676965406249003,0.3069528401995773,0.31215543071143453,2.083745440062253,0.3907891148910059,0.2515674858576412,0.30513315746266506,-444.5635605084746
41,2014-04-05 20:41:00,2014-04-05 21:40:00,0.5134579706090859,0.35065112402490684,5.991920654682038,0.31477524738658574,0.32011042107110416,2.1394623508134543,0.40320467379475683,0.25562107507931703,0.31258592712300537,-444.58728932203394
42,2014-04-05 20:42:00,2014-04-05 21:41:00,0.4820189046858628,0.3101467598419166,6.293495094666776,0.323090815574389,0.328566931092599,2.1874726277669474,0.41597265664065824,0.25949728606777267,0.31812423646312077,-444.6567808474576
43,2014-04-05 20:43:00,2014-04-05 21:42:00,0.4339984376063282,0.2502915570018642,6.741254261135598,0.3369454764086356,0.34265641668674807,2.265648322470465,0.44058225002247486,0.26544129458780735,0.327352320059696,-444.7415266101695
44,2014-04-05 20:44:00,2014-04-05 21:43:00,0.45198424218212974,0.25507572063361084,6.788308388498521,0.34930840639626193,0.35522888786060536,2.3507697643925454,0.46564723008936554,0.27128203992425814,0.33707133201462536,-444.8652554237289
45,2014-04-05 20:45:00,2014-04-05 21:44:00,0.46674240257775484,0.2586610115696867,6.833774430137263,0.36256166109227816,0.3687067739921473,2.3980610373603826,0.4871554664690513,0.2764000655321279,0.344905998544042,-444.9686452542373
46,2014-04-05 20:46:00,2014-04-05 21:45:00,0.47475084542217244,0.2600406405703762,6.886613218060292,0.37198557800735793,0.3782904183125674,2.4474911978010887,0.49128361382371316,0.28015061943479297,0.3492136697821052,-445.044916440678
47,2014-04-05 20:47:00,2014-04-05 21:46:00,0.49275255775253124,0.2639015959447545,6.925399896236714,0.3805956871685092,0.3870464615272975,2.4892842183848165,0.4958825079111203,0.2836266434483695,0.35327779339423265,-445.10762830508475
48,2014-04-05 20:48:00,2014-04-05 21:47:00,0.5083435315784984,0.2625122809823124,6.962401499607468,0.38529176327714393,0.39182213214624806,2.5055695355541587,0.4980763649019864,0.285283052512963,0.3554232888709404,-445.11610288135586
49,2014-04-05 20:49:00,2014-04-05 21:48:00,0.522324164673423,0.26103800647015263,6.98893812557078,0.3882256499613837,0.39480574572344107,2.5142370784875467,0.5006730876264051,0.28635403479615323,0.35654494999664915,-445.1042384745762
50,2014-04-05 20:50:00,2014-04-05 21:49:00,0.5329714091033048,0.2579744304081961,7.0230624618023,0.3910159677551575,0.3976433570391433,2.519516045594622,0.5070652230455914,0.28766536991797836,0.3595737017062694,-445.13474694915254
51,2014-04-05 20:51:00,2014-04-05 21:50:00,0.5251980818145068,0.24935734161158146,7.084944860830371,0.39815785883270066,0.4049062971180007,2.5215615899333876,0.5110017758902632,0.29114975939207005,0.3640637136622506,-445.1516961016949
52,2014-04-05 20:52:00,2014-04-05 21:51:00,0.5313501063700273,0.2464476502076808,7.1133095143393446,0.40304611537046486,0.4098774054614897,2.5282049831162077,0.5162266743075049,0.29353170053871325,0.3670626192618807,-445.1211876271186
53,2014-04-05 20:53:00,2014-04-05 21:52:00,0.54500158728617,0.2481469974751486,7.108038518540222,0.4079326693218775,0.41484678236123135,2.533596920753267,0.5185585338945872,0.2959115278512976,0.3700995882037553,-445.1144079661016
54,2014-04-05 20:54:00,2014-04-05 21:53:00,0.55379856398537,0.2547733940808961,7.066668127349742,0.4084947450335093,0.41541838477984,2.5378955291468324,0.5196902072881652,0.2961919104770076,0.3705023341196747,-445.0974588135593
55,2014-04-05 20:55:00,2014-04-05 21:54:00,0.5564037520087904,0.26157455268467433,7.012560969442802,0.40844594156635655,0.41536875413527785,2.538141105104526,0.5213540615325283,0.29576333676132743,0.37046956746776527,-445.0906791525424
56,2014-04-05 20:56:00,2014-04-05 21:55:00,0.5637798847027989,0.26942510289201893,6.95117314834504,0.40975511424683997,0.41670011618322705,2.5374543579291995,0.5162829470325205,0.2955236893357901,0.37138208733230965,-445.10593338983057
57,2014-04-05 20:57:00,2014-04-05 21:56:00,0.570281556578806,0.27475769741438405,6.9142529046584595,0.4084719803071536,0.4153952342106647,2.541057053980378,0.506189352995443,0.29640439290793563,0.3701999739055126,-445.1584757627119
58,2014-04-05 20:58:00,2014-04-05 21:57:00,0.576532803978916,0.2801723901529523,6.873742282440054,0.4046858561828974,0.41154493849108204,2.5494331663190133,0.49882678564841987,0.2961628190198173,0.3661637631471084,-445.24830627118644
59,2014-04-05 20:59:00,2014-04-05 21:58:00,0.5769807330510502,0.2858890316362586,6.8236357720366225,0.4018712248549152,0.4086826015473714,2.53728277587834,0.4956065820488241,0.2942037435879765,0.3634980244951498,-445.36695033898303
60,2014-04-05 21:00:00,2014-04-05 21:59:00,0.5758849019345317,0.28816326163125405,6.801413563926884,0.40029843084056155,0.40708315000735074,2.540485626141142,0.5028632944108358,0.29327673946224597,0.3636459778749156,-445.4741537288136
61,2014-04-05 21:01:00,2014-04-05 22:00:00,0.5734746643560636,0.29824855932142347,6.7264472812896035,0.4116864857744648,0.41866422282148963,2.5234903417487597,0.5488071316604857,0.2959899387933438,0.3711627817403817,-445.5574869491525
62,2014-04-05 21:02:00,2014-04-05 22:01:00,0.5720159571458779,0.296408033835074,6.73393034354002,0.4234149830349462,0.43059150817113173,2.5449329557988523,0.5807874943876686,0.2995347572913104,0.3798103213423252,-445.6169505084746
63,2014-04-05 21:03:00,2014-04-05 22:02:00,0.5704470570561188,0.2949516714920102,6.7362963659728194,0.43154459967516473,0.43885891492389634,2.554821051991969,0.5907266713507686,0.29980626861208753,0.3857926676912828,-445.6525437288136
64,2014-04-05 21:04:00,2014-04-05 22:03:00,0.5644146034314014,0.2914067744497118,6.751887385066034,0.431427606891814,0.43873993921201426,2.57271852191256,0.5932687751576072,0.29991871285582505,0.3868856248097391,-445.71356067796614
65,2014-04-05 21:05:00,2014-04-05 22:04:00,0.5583959900132399,0.28927585857480576,6.761840497713607,0.4274266440514678,0.43467116344217066,2.566174244963577,0.5922699059753228,0.3003626106569311,0.3863000637771672,-445.8101708474577
66,2014-04-05 21:06:00,2014-04-05 22:05:00,0.5506239419182639,0.2877588512643445,6.767165709972954,0.4232239872463585,0.4303972751657883,2.546043623344571,0.5894700742793522,0.3002174844125341,0.3838398369266361,-445.9447954237288
67,2014-04-05 21:07:00,2014-04-05 22:06:00,0.544454614701448,0.28771397494122847,6.7661382632207685,0.41832333381601083,0.4254135598128924,2.5301303554890393,0.5873628225347165,0.2996796157825087,0.38201086073698465,-446.04963813559317
68,2014-04-05 21:08:00,2014-04-05 22:07:00,0.5354697596401653,0.2852404494564891,6.776388722231724,0.41394873728684123,0.42096481757983856,2.5066644933334543,0.5842148319130571,0.29692349250951466,0.3787697270230339,-446.14673237288133
69,2014-04-05 21:09:00,2014-04-05 22:08:00,0.5176594115544723,0.2750710329632518,6.826026967862159,0.410005514953244,0.4169547609694007,2.4731080028418426,0.579760374138645,0.2941751460170993,0.3747151039031457,-446.1462483050848
70,2014-04-05 21:10:00,2014-04-05 22:09:00,0.4833533301924194,0.2570447584684486,6.9210321742803265,0.4040279581872163,0.4108758896819149,2.438875247776449,0.575258098588788,0.2913046105399377,0.3709006730602663,-446.11767677966105
71,2014-04-05 21:11:00,2014-04-05 22:10:00,0.46179043898929106,0.2381833181290252,6.963787246500751,0.39794813813951924,0.4046930218367992,2.4077293908915585,0.5713999238389808,0.28868558721117615,0.3672046266638537,-446.1016962711865
72,2014-04-05 21:12:00,2014-04-05 22:11:00,0.4608024003793639,0.23751534385188153,6.946955813248765,0.39329447204164236,0.3999604800423482,2.383371523038293,0.5686293759702196,0.28630710038064283,0.3644235708302907,-446.05762847457623
73,2014-04-05 21:13:00,2014-04-05 22:12:00,0.45830924909268306,0.23548771885005332,6.940759712378169,0.3897207704869571,0.3963262072748716,2.3646101745862356,0.5666208352785992,0.2845916260871287,0.36243402011137194,-445.8983064406779
74,2014-04-05 21:14:00,2014-04-05 22:13:00,0.46131608769048627,0.23582614686398645,6.925734044264533,0.387883274969066,0.3944575677651519,2.3485951291453575,0.5653753903562131,0.28327028719249575,0.3607587066381522,-445.73178101694907
75,2014-04-05 21:15:00,2014-04-05 22:14:00,0.4627518989160781,0.23605166535872216,6.9222065295475845,0.3850477533286806,0.3915739864359464,2.34606319730503,0.564653716515069,0.2822361684710468,0.36022640453030397,-445.5987298305085
76,2014-04-05 21:16:00,2014-04-05 22:15:00,0.46783307164485083,0.2375148542244814,6.906291735439425,0.3820805461491381,0.388556487609293,2.321508787893865,0.5603421178637763,0.28063854584842,0.3572295085098066,-445.49406881355924
77,2014-04-05 21:17:00,2014-04-05 22:16:00,0.4776093238400102,0.24435311876652505,6.861328812319452,0.3825237925428118,0.38900724665370695,2.3191342040932676,0.5607803059466292,0.28043102914150153,0.3569052568700263,-445.3940684745763
78,2014-04-05 21:18:00,2014-04-05 22:17:00,0.47160454035154875,0.24282056401027563,6.876586818319072,0.3826550156318132,0.3891406938628609,2.326185272793954,0.5617637324728977,0.28088904021637917,0.3575458351393701,-445.2987294915254
79,2014-04-05 21:19:00,2014-04-05 22:18:00,0.46135024417852155,0.2390586787823461,6.910004494594026,0.38395068371490904,0.3904583224219414,2.34245214762087,0.5629659033849347,0.28161635784427697,0.35936657094447233,-445.25720406779664
80,2014-04-05 21:20:00,2014-04-05 22:19:00,0.4451269073538811,0.23160593743864516,6.969990390225597,0.3866401227122263,0.3931933451310776,2.3635599974621297,0.56531951900849,0.28302331376434287,0.3616317860172826,-445.26610203389833
81,2014-04-05 21:21:00,2014-04-05 22:20:00,0.4477573719748852,0.23267308519777635,6.957725348353227,0.3884605051185357,0.395044581476477,2.3686863013903428,0.5666552861555353,0.2839620072451083,0.3628145072496199,-445.25762745762705
82,2014-04-05 21:22:00,2014-04-05 22:21:00,0.45340470130407456,0.23639965127824147,6.922311773227319,0.38963142455061694,0.39623534700062746,2.370017409882662,0.5673897704337723,0.2845493282502388,0.3635155986045552,-445.2152545762712
83,2014-04-05 21:23:00,2014-04-05 22:22:00,0.4618592418229227,0.24212547525878014,6.875026099010623,0.3899028301698956,0.39651135271514804,2.367346730939472,0.5675628726514066,0.2846859410201048,0.36367961668379106,-445.12220372881353
84,2014-04-05 21:24:00,2014-04-05 22:23:00,0.4667969622622559,0.24865967784009477,6.820586432807275,0.3917333305709486,0.39837287854672737,2.37016430579254,0.5686945762952808,0.28559708003144824,0.36476328331611274,-445.0496610169491
85,2014-04-05 21:25:00,2014-04-05 22:24:00,0.47512665767688356,0.257555738831989,6.749534561239415,0.3928566384002304,0.3995152254917597,2.3713341962623242,0.5691896236704098,0.2840169275462266,0.36478557911317144,-444.97728813559314
86,2014-04-05 21:26:00,2014-04-05 22:25:00,0.45253341775676814,0.2751242907899857,6.590970296418085,0.38525783819202086,0.39178763205968226,2.3587463140768863,0.5678451173190258,0.2806542069963594,0.35992652638538564,-444.93220338983053
87,2014-04-05 21:27:00,2014-04-05 22:26:00,0.44548495049768594,0.28040497265009207,6.532645911896937,0.3742685215199718,0.38061205578302215,2.3320319010954815,0.5669073933704518,0.2756687706246171,0.3537642893811972,-444.9025423728813
88,2014-04-05 21:28:00,2014-04-05 22:27:00,0.449224202525817,0.28774587867924734,6.486431657480262,0.36283652171244496,0.3689862932668932,2.2913013025427094,0.5670496153923301,0.27036290769328986,0.3471370612195383,-444.847627118644
89,2014-04-05 21:29:00,2014-04-05 22:28:00,0.4502264656314796,0.308999592514614,6.31168386398539,0.35410600630464234,0.3601078030216702,2.265954993810715,0.564488345303214,0.27031122804888646,0.34203816758223826,-444.82338983050846
90,2014-04-05 21:30:00,2014-04-05 22:29:00,0.44458703496939295,0.32373209294674504,6.184173220875811,0.33870698913967584,0.34444778556577205,2.2064713986987954,0.5458308507235049,0.26371684004636103,0.3304236542637336,-444.79932203389825
91,2014-04-05 21:31:00,2014-04-05 22:30:00,0.42223404706182893,0.33290648867142325,6.079247139829311,0.29371701321475835,0.29869526767602544,2.072624553592897,0.40161593646198224,0.2471250880177941,0.2942869818826638,-444.78728813559314
92,2014-04-05 21:32:00,2014-04-05 22:31:00,0.3612056496402085,0.3063718626438842,6.188731889015946,0.2688871486386023,0.27344455793756167,1.9769653600936605,0.3302685067783874,0.23969164411823654,0.2717784835091229,-444.81610169491523
93,2014-04-05 21:33:00,2014-04-05 22:32:00,0.27989940767609267,0.26169024793972184,6.3925724701629285,0.2586009406288301,0.26298400741914923,1.9231637440839007,0.3084619385499401,0.2429378184041261,0.2645716895196112,-444.82627118644075
94,2014-04-05 21:34:00,2014-04-05 22:33:00,0.23933757207822495,0.2586877741242797,6.179843995719384,0.25568822585727946,0.2600219246006232,1.9133566638595711,0.3036358303199655,0.2557755431945807,0.26683470865157005,-444.83813559322033
95,2014-04-05 21:35:00,2014-04-05 22:34:00,0.2021908367645369,0.27644256162071634,5.972449172558618,0.2550780619601313,0.2594014189425064,1.9236220627565437,0.3026597980908006,0.27624028856776583,0.2732764005516435,-444.8669491525424
96,2014-04-05 21:36:00,2014-04-05 22:35:00,0.17433923575087115,0.29821390763270333,5.749767825466881,0.25411696254385463,0.2584240297056149,1.9253388405291094,0.30130058240115365,0.28631045380956854,0.27659273800401957,-444.8398305084746
97,2014-04-05 21:37:00,2014-04-05 22:36:00,0.17250862174695547,0.32000998759056604,5.503047248693138,0.2585701769233269,0.26295272229490874,1.972010121577095,0.3052928981710418,0.33082399645728927,0.29285540083867473,-444.8076271186441
98,2014-04-05 21:38:00,2014-04-05 22:37:00,0.17439805063556763,0.33887309238731994,5.292398500676384,0.2629359621074474,0.2673925038380821,2.0006779002381427,0.30907204262054544,0.34820142782700786,0.30202697653368654,-444.7652545762712
99,2014-04-05 21:39:00,2014-04-05 22:38:00,0.18395906988335217,0.37607657241786446,4.939890478340268,0.2665189518468569,0.27103622221714263,2.036529273437598,0.3155548056551555,0.38087927266948507,0.3153330362804175,-444.7025427118644
100,2014-04-05 21:40:00,2014-04-05 22:39:00,0.1970425655531432,0.4092691629930456,4.643881543501099,0.266678305524044,0.2711982768041125,2.038681410351936,0.31552504653354513,0.3840697244747002,0.31733825066028104,-444.6533901694915
101,2014-04-05 21:41:00,2014-04-05 22:40:00,0.20837820063507728,0.44227241772360554,4.349759370566197,0.2679185792023291,0.2724595720701652,2.052131874610872,0.31743709761567845,0.3898791840519218,0.32148172204755815,-444.5872884745762
102,2014-04-05 21:42:00,2014-04-05 22:41:00,0.21732786259954837,0.46331867341366,4.113653900974821,0.26703934126389794,0.27156543179379455,2.039309940596066,0.31659324530176725,0.3938967956447565,0.3232649239053465,-444.4838986440677
103,2014-04-05 21:43:00,2014-04-05 22:42:00,0.22726372311439194,0.48194889719466366,3.8855216102346737,0.2628892387602207,0.26734498856971595,2.0076746590677974,0.31379149251841865,0.3970013147999336,0.3234069116390047,-444.32627152542364
104,2014-04-05 21:44:00,2014-04-05 22:43:00,0.2379944953675046,0.49838146016892776,3.6763800443576673,0.25933152272835047,0.2637269722661191,1.9702738388289607,0.31071846657378477,0.3983000421524961,0.3224083167732312,-444.13440711864394
105,2014-04-05 21:45:00,2014-04-05 22:44:00,0.2626217381449611,0.5385886848611516,3.3096726945482,0.25663140189255546,0.2609810866703954,1.9136148032038718,0.3046090594998451,0.3972646008247861,0.3188098640863658,-443.9150850847457
106,2014-04-05 21:46:00,2014-04-05 22:45:00,0.26416889136190913,0.5383712144945858,3.194190219128822,0.2553184222064923,0.25964585309134813,1.8947833351611683,0.29937237090631186,0.4083056153985111,0.32223142138553335,-443.670000338983
107,2014-04-05 21:47:00,2014-04-05 22:46:00,0.26525920114177504,0.5507846521867491,3.011213885278006,0.25683872624072607,0.26119192499056887,1.9201197901793083,0.3017136533394493,0.4268814731722852,0.3310494531299869,-443.4330511864406
108,2014-04-05 21:48:00,2014-04-05 22:47:00,0.26347995176118294,0.579765046052706,2.711924598217448,0.26623980739538333,0.27075234650377966,2.0326911191610337,0.31848151983945433,0.7013254424989799,0.3772770022995672,-443.1771189830508
109,2014-04-05 21:49:00,2014-04-05 22:48:00,0.2740637408851253,0.6497612965708379,2.078609361674099,0.2754457337710817,0.2801143055299136,2.1631506167150465,0.3369221732778032,1.8067908087414861,0.4382930508024566,-442.914407118644
110,2014-04-05 21:50:00,2014-04-05 22:49:00,0.32718727255747754,0.8507580677233053,0.5487084380057743,0.29043834426105203,0.29536102806208686,2.3390663240575837,0.37183456055335273,1.9468371923587613,0.5930194572028482,-442.73305118644066
111,2014-04-05 21:51:00,2014-04-05 22:50:00,0.37249230705868996,1.0062000297339375,-0.6293809116193216,0.2962380483449416,0.3012590322151949,2.3919535748331824,0.38135929688707665,2.016243714285892,0.6196679359453053,-442.67203423728813
112,2014-04-05 21:52:00,2014-04-05 22:51:00,0.38060339625932205,1.0078866498941383,-0.6560776585182015,0.2939360370290666,0.29891800375837285,2.382307763325777,0.3796293145410934,2.01618328540336,0.6194954563953126,-442.6449155932204
113,2014-04-05 21:53:00,2014-04-05 22:52:00,0.37128347002849543,0.9217179424168944,-0.06846374295940905,0.29386873636876476,0.2988495624089133,2.385333573822036,0.37992510474455515,2.0161873597726774,0.618561753008687,-442.61949186440677
114,2014-04-05 21:54:00,2014-04-05 22:53:00,0.3881114366931198,0.8835945574300688,0.1733474840489535,0.2911220543957119,0.29605632650411384,2.3753962357964813,0.37790538440985577,2.0171448397013094,0.6182628454133335,-442.53983084745767
115,2014-04-05 21:55:00,2014-04-05 22:54:00,0.3999000535956158,0.8958052440095241,0.06758890609638701,0.29252778013250047,0.2974858781008479,2.3626917804487655,0.3823760700130084,2.017231841578454,0.6169034659356475,-442.39237322033887
116,2014-04-05 21:56:00,2014-04-05 22:55:00,0.4074701645218098,0.8575551982161914,0.3100577382865941,0.2874846253033428,0.29235724607119606,2.3526181525262415,0.3823064166110581,2.017116310209403,0.6154157898156984,-442.26186474576264
117,2014-04-05 21:57:00,2014-04-05 22:56:00,0.38353180824497596,0.7990458574829066,0.5626433321186521,0.2861457111237841,0.2909956384309669,2.3923201959967337,0.38104115411793205,2.016917056708264,0.6149390517615015,-442.16016983050844
118,2014-04-05 21:58:00,2014-04-05 22:57:00,0.36556754695842003,0.844208682910518,0.21875127910830994,0.2890065401016072,0.29390495603553274,2.4510855610945077,0.38458917814723426,2.0167404371540343,0.6161572634165664,-442.0177969491525
119,2014-04-05 21:59:00,2014-04-05 22:58:00,0.38998510478608794,0.930314112439152,-0.42334547301241443,0.283011723584323,0.2878085324586336,2.4465007843309183,0.3796503964943715,2.0183448605222143,0.6179246572130519,-441.88178
120,2014-04-05 22:00:00,2014-04-05 22:59:00,0.42963540238552705,0.9873427222825436,-0.8539153202695671,0.287218883299573,0.29208699996566745,2.4518708866245253,0.3835257190556856,2.0195277937610148,0.6179371389369748,-441.7233054237288
